"age","insured_sex","policy_state","policy_csl","incident_type","incident_severity","collision_type","authorities_contacted","total_claim_amount","fraud_reported","haute_reclamation","jeune_conducteur","prob_reclam"
48,"MALE","OH","250/500","Single Vehicle Collision","Major Damage","Side Collision","Police",71610,1,1,0,0.284574468085106
29,"FEMALE","OH","100/300","Multi-vehicle Collision","Minor Damage","Rear Collision","Police",34650,0,1,0,0.277227722772277
41,"FEMALE","IL","250/500","Single Vehicle Collision","Major Damage","Front Collision","Police",63400,1,1,0,0.284574468085106
39,"FEMALE","OH","250/500","Multi-vehicle Collision","Major Damage","Rear Collision","Fire",64100,1,1,0,0.277227722772277
34,"MALE","IN","250/500","Multi-vehicle Collision","Minor Damage","Front Collision","Police",78650,0,1,0,0.277227722772277
37,"MALE","IL","100/300","Multi-vehicle Collision","Total Loss","Front Collision","Police",51590,0,1,0,0.277227722772277
33,"FEMALE","IL","100/300","Single Vehicle Collision","Total Loss","Front Collision","Police",27700,0,1,0,0.284574468085106
42,"MALE","IL","100/300","Single Vehicle Collision","Total Loss","Rear Collision","Other",42300,0,1,0,0.284574468085106
42,"FEMALE","OH","100/300","Single Vehicle Collision","Total Loss","Front Collision","Police",87010,0,1,0,0.284574468085106
23,"MALE","OH","500/1000","Single Vehicle Collision","Total Loss","Rear Collision","Ambulance",56520,0,1,1,0.284574468085106
38,"FEMALE","OH","250/500","Single Vehicle Collision","Total Loss","Rear Collision","Police",46200,1,1,0,0.284574468085106
58,"FEMALE","IN","100/300","Multi-vehicle Collision","Major Damage","Side Collision","Other",63120,1,1,0,0.277227722772277
26,"MALE","OH","500/1000","Multi-vehicle Collision","Major Damage","Rear Collision","Other",52110,0,1,0,0.277227722772277
31,"MALE","IN","500/1000","Single Vehicle Collision","Total Loss","Side Collision","Police",77880,0,1,0,0.284574468085106
37,"FEMALE","OH","500/1000","Single Vehicle Collision","Total Loss","Side Collision","Other",72930,0,1,0,0.284574468085106
39,"FEMALE","IN","500/1000","Multi-vehicle Collision","Major Damage","Side Collision","Police",60400,0,1,0,0.277227722772277
62,"MALE","IN","250/500","Multi-vehicle Collision","Minor Damage","Rear Collision","Police",47160,0,1,0,0.277227722772277
41,"FEMALE","IL","500/1000","Multi-vehicle Collision","Total Loss","Side Collision","Police",37840,0,1,0,0.277227722772277
55,"MALE","IL","100/300","Multi-vehicle Collision","Major Damage","Rear Collision","Ambulance",71520,1,1,0,0.277227722772277
40,"MALE","IN","100/300","Single Vehicle Collision","Minor Damage","Rear Collision","Other",77880,0,1,0,0.284574468085106
35,"MALE","OH","100/300","Multi-vehicle Collision","Major Damage","Rear Collision","Other",71500,1,1,0,0.277227722772277
40,"FEMALE","OH","100/300","Single Vehicle Collision","Minor Damage","Side Collision","Other",69840,0,1,0,0.284574468085106
25,"MALE","IL","250/500","Multi-vehicle Collision","Major Damage","Side Collision","Ambulance",75600,0,1,0,0.277227722772277
37,"MALE","IL","100/300","Multi-vehicle Collision","Major Damage","Side Collision","Police",67140,1,1,0,0.277227722772277
35,"FEMALE","IL","500/1000","Multi-vehicle Collision","Total Loss","Front Collision","Police",29790,0,1,0,0.277227722772277
30,"MALE","IL","100/300","Multi-vehicle Collision","Major Damage","Front Collision","Ambulance",77110,0,1,0,0.277227722772277
37,"MALE","IL","500/1000","Single Vehicle Collision","Total Loss","Side Collision","Fire",64800,0,1,0,0.284574468085106
33,"MALE","OH","100/300","Single Vehicle Collision","Major Damage","Front Collision","Other",53100,1,1,0,0.284574468085106
28,"FEMALE","IL","100/300","Single Vehicle Collision","Total Loss","Rear Collision","Police",60200,1,1,0,0.284574468085106
54,"FEMALE","IN","500/1000","Multi-vehicle Collision","Major Damage","Rear Collision","Police",62300,0,1,0,0.277227722772277
37,"MALE","IN","250/500","Single Vehicle Collision","Major Damage","Front Collision","Ambulance",60170,1,1,0,0.284574468085106
26,"MALE","IL","100/300","Single Vehicle Collision","Minor Damage","Rear Collision","Ambulance",40000,0,1,0,0.284574468085106
23,"FEMALE","IL","500/1000","Multi-vehicle Collision","Minor Damage","Side Collision","Other",51660,0,1,1,0.277227722772277
30,"FEMALE","OH","250/500","Single Vehicle Collision","Total Loss","Rear Collision","Other",51120,0,1,0,0.284574468085106
44,"MALE","IL","100/300","Single Vehicle Collision","Minor Damage","Front Collision","Other",56400,0,1,0,0.284574468085106
40,"FEMALE","IL","250/500","Multi-vehicle Collision","Total Loss","Rear Collision","Other",55120,0,1,0,0.277227722772277
33,"FEMALE","IN","100/300","Multi-vehicle Collision","Total Loss","Rear Collision","Fire",77110,0,1,0,0.277227722772277
47,"MALE","OH","500/1000","Multi-vehicle Collision","Major Damage","Front Collision","Fire",62800,1,1,0,0.277227722772277
35,"FEMALE","IL","100/300","Single Vehicle Collision","Total Loss","Rear Collision","Other",76600,0,1,0,0.284574468085106
59,"MALE","OH","250/500","Multi-vehicle Collision","Minor Damage","Front Collision","Fire",81800,0,1,0,0.277227722772277
40,"FEMALE","IN","100/300","Multi-vehicle Collision","Major Damage","Side Collision","Police",70510,0,1,0,0.277227722772277
26,"MALE","OH","100/300","Single Vehicle Collision","Minor Damage","Rear Collision","Fire",78900,0,1,0,0.284574468085106
56,"FEMALE","IN","250/500","Multi-vehicle Collision","Major Damage","Front Collision","Fire",56430,0,1,0,0.277227722772277
39,"MALE","IL","250/500","Single Vehicle Collision","Total Loss","Front Collision","Ambulance",65790,0,1,0,0.284574468085106
36,"FEMALE","OH","250/500","Multi-vehicle Collision","Minor Damage","Side Collision","Police",62920,0,1,0,0.277227722772277
34,"MALE","IN","100/300","Multi-vehicle Collision","Major Damage","Rear Collision","Police",69480,1,1,0,0.277227722772277
44,"MALE","IL","500/1000","Multi-vehicle Collision","Total Loss","Side Collision","Other",44280,0,1,0,0.277227722772277
32,"MALE","IL","500/1000","Single Vehicle Collision","Minor Damage","Side Collision","Other",56300,0,1,0,0.284574468085106
42,"MALE","OH","500/1000","Multi-vehicle Collision","Major Damage","Front Collision","Fire",68520,1,1,0,0.277227722772277
42,"MALE","OH","250/500","Multi-vehicle Collision","Total Loss","Rear Collision","Fire",59130,1,1,0,0.277227722772277
39,"FEMALE","IN","100/300","Multi-vehicle Collision","Minor Damage","Front Collision","Ambulance",82320,1,1,0,0.277227722772277
31,"FEMALE","IN","250/500","Single Vehicle Collision","Minor Damage","Side Collision","Fire",89700,1,1,0,0.284574468085106
64,"FEMALE","OH","250/500","Multi-vehicle Collision","Minor Damage","Side Collision","Fire",33930,0,1,0,0.277227722772277
30,"MALE","OH","100/300","Single Vehicle Collision","Major Damage","Front Collision","Ambulance",68530,0,1,0,0.284574468085106
42,"FEMALE","OH","100/300","Multi-vehicle Collision","Major Damage","Side Collision","Other",68310,1,1,0,0.277227722772277
41,"FEMALE","OH","100/300","Single Vehicle Collision","Total Loss","Front Collision","Other",61290,1,1,0,0.284574468085106
41,"FEMALE","OH","250/500","Single Vehicle Collision","Minor Damage","Rear Collision","Ambulance",30100,0,1,0,0.284574468085106
37,"FEMALE","IN","100/300","Multi-vehicle Collision","Minor Damage","Rear Collision","Fire",57120,0,1,0,0.277227722772277
40,"FEMALE","IL","100/300","Multi-vehicle Collision","Minor Damage","Side Collision","Ambulance",42930,0,1,0,0.277227722772277
35,"FEMALE","OH","100/300","Multi-vehicle Collision","Total Loss","Front Collision","Ambulance",51210,0,1,0,0.277227722772277
45,"FEMALE","OH","500/1000","Multi-vehicle Collision","Minor Damage","Front Collision","Fire",89400,0,1,0,0.277227722772277
47,"MALE","IN","250/500","Multi-vehicle Collision","Total Loss","Front Collision","Police",59730,0,1,0,0.277227722772277
38,"FEMALE","OH","500/1000","Single Vehicle Collision","Major Damage","Rear Collision","Fire",72200,1,1,0,0.284574468085106
31,"MALE","OH","250/500","Multi-vehicle Collision","Minor Damage","Side Collision","Ambulance",50800,0,1,0,0.277227722772277
48,"MALE","IN","500/1000","Multi-vehicle Collision","Major Damage","Side Collision","Ambulance",60940,1,1,0,0.277227722772277
41,"MALE","OH","100/300","Multi-vehicle Collision","Major Damage","Front Collision","Fire",58300,0,1,0,0.277227722772277
34,"FEMALE","IL","500/1000","Multi-vehicle Collision","Minor Damage","Front Collision","Other",68400,0,1,0,0.277227722772277
32,"FEMALE","IL","500/1000","Single Vehicle Collision","Total Loss","Side Collision","Fire",64240,0,1,0,0.284574468085106
25,"FEMALE","IN","100/300","Multi-vehicle Collision","Major Damage","Side Collision","Other",45120,1,1,0,0.277227722772277
29,"FEMALE","OH","250/500","Multi-vehicle Collision","Total Loss","Front Collision","Fire",66950,0,1,0,0.277227722772277
43,"FEMALE","IN","100/300","Multi-vehicle Collision","Major Damage","Front Collision","Ambulance",70680,0,1,0,0.277227722772277
47,"FEMALE","IN","500/1000","Single Vehicle Collision","Major Damage","Side Collision","Fire",72930,1,1,0,0.284574468085106
25,"MALE","IL","250/500","Multi-vehicle Collision","Minor Damage","Rear Collision","Other",64890,1,1,0,0.277227722772277
41,"FEMALE","IN","100/300","Single Vehicle Collision","Minor Damage","Rear Collision","Police",79300,0,1,0,0.284574468085106
27,"FEMALE","IL","100/300","Single Vehicle Collision","Major Damage","Side Collision","Police",52800,0,1,0,0.284574468085106
41,"FEMALE","IL","250/500","Multi-vehicle Collision","Minor Damage","Front Collision","Fire",28800,0,1,0,0.277227722772277
61,"FEMALE","OH","500/1000","Multi-vehicle Collision","Major Damage","Rear Collision","Police",79800,1,1,0,0.277227722772277
28,"FEMALE","IN","500/1000","Multi-vehicle Collision","Major Damage","Front Collision","Ambulance",74200,0,1,0,0.277227722772277
47,"FEMALE","IL","500/1000","Single Vehicle Collision","Major Damage","Front Collision","Fire",70590,1,1,0,0.284574468085106
31,"FEMALE","IN","500/1000","Multi-vehicle Collision","Major Damage","Rear Collision","Fire",60940,1,1,0,0.277227722772277
42,"FEMALE","OH","250/500","Single Vehicle Collision","Minor Damage","Rear Collision","Police",74700,0,1,0,0.284574468085106
60,"MALE","IN","100/300","Single Vehicle Collision","Major Damage","Front Collision","Fire",70000,1,1,0,0.284574468085106
41,"MALE","IL","500/1000","Multi-vehicle Collision","Total Loss","Rear Collision","Other",81070,0,1,0,0.277227722772277
32,"MALE","IN","100/300","Multi-vehicle Collision","Major Damage","Side Collision","Other",57720,0,1,0,0.277227722772277
46,"MALE","IN","100/300","Multi-vehicle Collision","Total Loss","Side Collision","Other",47700,1,1,0,0.277227722772277
31,"FEMALE","IL","500/1000","Single Vehicle Collision","Minor Damage","Rear Collision","Police",51260,0,1,0,0.284574468085106
41,"MALE","OH","500/1000","Multi-vehicle Collision","Major Damage","Side Collision","Police",70400,1,1,0,0.277227722772277
38,"FEMALE","IL","250/500","Single Vehicle Collision","Minor Damage","Rear Collision","Fire",90000,0,1,0,0.284574468085106
39,"FEMALE","OH","250/500","Multi-vehicle Collision","Minor Damage","Rear Collision","Police",72820,0,1,0,0.277227722772277
41,"MALE","IL","500/1000","Single Vehicle Collision","Minor Damage","Side Collision","Fire",69300,0,1,0,0.284574468085106
36,"FEMALE","IL","500/1000","Single Vehicle Collision","Major Damage","Front Collision","Ambulance",76560,1,1,0,0.284574468085106
38,"FEMALE","IL","250/500","Single Vehicle Collision","Major Damage","Front Collision","Ambulance",55440,1,1,0,0.284574468085106
25,"FEMALE","OH","250/500","Multi-vehicle Collision","Total Loss","Front Collision","Other",77130,0,1,0,0.277227722772277
35,"FEMALE","IL","100/300","Single Vehicle Collision","Total Loss","Rear Collision","Ambulance",42000,0,1,0,0.284574468085106
39,"MALE","IN","250/500","Multi-vehicle Collision","Total Loss","Rear Collision","Ambulance",36300,0,1,0,0.277227722772277
38,"MALE","IL","100/300","Single Vehicle Collision","Total Loss","Side Collision","Other",40320,0,1,0,0.284574468085106
43,"MALE","OH","100/300","Single Vehicle Collision","Major Damage","Front Collision","Fire",63840,1,1,0,0.284574468085106
28,"FEMALE","IL","250/500","Multi-vehicle Collision","Major Damage","Front Collision","Fire",44730,1,1,0,0.277227722772277
45,"MALE","IN","250/500","Multi-vehicle Collision","Minor Damage","Front Collision","Other",84720,0,1,0,0.277227722772277
39,"MALE","IN","250/500","Multi-vehicle Collision","Major Damage","Front Collision","Other",61500,0,1,0,0.277227722772277
27,"FEMALE","OH","100/300","Multi-vehicle Collision","Major Damage","Front Collision","Ambulance",51000,0,1,0,0.277227722772277
33,"FEMALE","IL","500/1000","Single Vehicle Collision","Total Loss","Side Collision","Police",46800,0,1,0,0.284574468085106
32,"MALE","OH","250/500","Single Vehicle Collision","Minor Damage","Side Collision","Ambulance",78120,0,1,0,0.284574468085106
34,"FEMALE","IN","250/500","Single Vehicle Collision","Major Damage","Rear Collision","Police",69200,1,1,0,0.284574468085106
28,"FEMALE","IL","250/500","Multi-vehicle Collision","Minor Damage","Rear Collision","Fire",65500,0,1,0,0.277227722772277
46,"FEMALE","IL","500/1000","Multi-vehicle Collision","Minor Damage","Rear Collision","Fire",76120,0,1,0,0.277227722772277
32,"FEMALE","IL","250/500","Multi-vehicle Collision","Total Loss","Front Collision","Other",73560,0,1,0,0.277227722772277
35,"MALE","OH","100/300","Single Vehicle Collision","Total Loss","Rear Collision","Police",52030,0,1,0,0.284574468085106
29,"MALE","IN","250/500","Single Vehicle Collision","Major Damage","Rear Collision","Ambulance",70800,1,1,0,0.284574468085106
31,"FEMALE","IL","500/1000","Multi-vehicle Collision","Total Loss","Rear Collision","Police",45630,0,1,0,0.277227722772277
41,"MALE","IL","500/1000","Multi-vehicle Collision","Major Damage","Side Collision","Fire",64000,1,1,0,0.277227722772277
38,"FEMALE","OH","100/300","Single Vehicle Collision","Minor Damage","Front Collision","Fire",47300,0,1,0,0.284574468085106
27,"MALE","IL","100/300","Single Vehicle Collision","Major Damage","Rear Collision","Other",71680,1,1,0,0.284574468085106
32,"FEMALE","OH","100/300","Single Vehicle Collision","Total Loss","Side Collision","Other",82720,0,1,0,0.284574468085106
45,"MALE","IL","100/300","Multi-vehicle Collision","Major Damage","Rear Collision","Fire",48060,0,1,0,0.277227722772277
32,"MALE","IN","250/500","Multi-vehicle Collision","Total Loss","Rear Collision","Police",63570,1,1,0,0.277227722772277
54,"FEMALE","OH","100/300","Multi-vehicle Collision","Total Loss","Rear Collision","Fire",63240,0,1,0,0.277227722772277
33,"FEMALE","OH","100/300","Multi-vehicle Collision","Minor Damage","Rear Collision","Ambulance",54240,1,1,0,0.277227722772277
50,"MALE","OH","100/300","Single Vehicle Collision","Major Damage","Front Collision","Police",37280,1,1,0,0.284574468085106
61,"MALE","OH","100/300","Multi-vehicle Collision","Minor Damage","Rear Collision","Police",72100,0,1,0,0.277227722772277
38,"MALE","IN","100/300","Multi-vehicle Collision","Total Loss","Front Collision","Ambulance",78240,0,1,0,0.277227722772277
48,"FEMALE","IN","500/1000","Single Vehicle Collision","Total Loss","Front Collision","Ambulance",76050,0,1,0,0.284574468085106
48,"FEMALE","OH","500/1000","Multi-vehicle Collision","Total Loss","Side Collision","Ambulance",86060,0,1,0,0.277227722772277
29,"FEMALE","IN","500/1000","Multi-vehicle Collision","Minor Damage","Side Collision","Ambulance",61380,0,1,0,0.277227722772277
28,"FEMALE","OH","250/500","Single Vehicle Collision","Major Damage","Rear Collision","Fire",71280,1,1,0,0.284574468085106
45,"MALE","IL","500/1000","Multi-vehicle Collision","Minor Damage","Front Collision","Ambulance",64000,0,1,0,0.277227722772277
42,"MALE","IL","250/500","Multi-vehicle Collision","Minor Damage","Rear Collision","Police",51740,0,1,0,0.277227722772277
28,"MALE","OH","250/500","Single Vehicle Collision","Total Loss","Rear Collision","Ambulance",53600,1,1,0,0.284574468085106
29,"MALE","IL","250/500","Multi-vehicle Collision","Total Loss","Rear Collision","Other",44910,0,1,0,0.277227722772277
31,"FEMALE","IN","250/500","Multi-vehicle Collision","Major Damage","Front Collision","Fire",48100,0,1,0,0.277227722772277
46,"MALE","IN","100/300","Single Vehicle Collision","Minor Damage","Rear Collision","Other",79600,0,1,0,0.284574468085106
34,"MALE","IN","100/300","Single Vehicle Collision","Minor Damage","Front Collision","Ambulance",77040,0,1,0,0.284574468085106
45,"FEMALE","IL","250/500","Single Vehicle Collision","Minor Damage","Rear Collision","Fire",62590,0,1,0,0.284574468085106
40,"FEMALE","IN","500/1000","Single Vehicle Collision","Total Loss","Front Collision","Other",85150,0,1,0,0.284574468085106
36,"MALE","OH","500/1000","Multi-vehicle Collision","Major Damage","Side Collision","Fire",51100,0,1,0,0.277227722772277
26,"MALE","OH","100/300","Single Vehicle Collision","Minor Damage","Rear Collision","Police",81840,1,1,0,0.284574468085106
46,"MALE","OH","100/300","Single Vehicle Collision","Major Damage","Front Collision","Ambulance",54900,0,1,0,0.284574468085106
35,"MALE","OH","500/1000","Single Vehicle Collision","Total Loss","Front Collision","Fire",88660,1,1,0,0.284574468085106
34,"FEMALE","IL","100/300","Multi-vehicle Collision","Total Loss","Front Collision","Ambulance",18000,0,1,0,0.277227722772277
25,"FEMALE","IN","100/300","Multi-vehicle Collision","Major Damage","Rear Collision","Other",73920,1,1,0,0.277227722772277
39,"MALE","IN","250/500","Single Vehicle Collision","Minor Damage","Side Collision","Police",50490,0,1,0,0.284574468085106
47,"FEMALE","OH","100/300","Single Vehicle Collision","Total Loss","Front Collision","Police",55500,0,1,0,0.284574468085106
26,"MALE","IL","250/500","Multi-vehicle Collision","Total Loss","Rear Collision","Other",40160,0,1,0,0.277227722772277
44,"MALE","IL","500/1000","Multi-vehicle Collision","Total Loss","Side Collision","Fire",55680,0,1,0,0.277227722772277
48,"MALE","IL","250/500","Single Vehicle Collision","Major Damage","Front Collision","Ambulance",59400,0,1,0,0.284574468085106
49,"MALE","OH","250/500","Single Vehicle Collision","Minor Damage","Rear Collision","Fire",76700,0,1,0,0.284574468085106
62,"MALE","IL","100/300","Multi-vehicle Collision","Major Damage","Rear Collision","Fire",64350,0,1,0,0.277227722772277
39,"MALE","IL","250/500","Multi-vehicle Collision","Total Loss","Rear Collision","Ambulance",19080,0,1,0,0.277227722772277
43,"FEMALE","OH","500/1000","Single Vehicle Collision","Minor Damage","Rear Collision","Police",54400,0,1,0,0.284574468085106
32,"FEMALE","OH","100/300","Single Vehicle Collision","Total Loss","Rear Collision","Fire",59800,1,1,0,0.284574468085106
29,"MALE","OH","500/1000","Multi-vehicle Collision","Major Damage","Side Collision","Police",72000,0,1,0,0.277227722772277
48,"MALE","IN","250/500","Multi-vehicle Collision","Total Loss","Side Collision","Police",65070,0,1,0,0.277227722772277
50,"MALE","OH","100/300","Multi-vehicle Collision","Minor Damage","Side Collision","Ambulance",34320,0,1,0,0.277227722772277
40,"FEMALE","OH","500/1000","Multi-vehicle Collision","Major Damage","Side Collision","Other",53460,1,1,0,0.277227722772277
33,"FEMALE","IN","100/300","Single Vehicle Collision","Total Loss","Side Collision","Other",81360,1,1,0,0.284574468085106
43,"MALE","OH","100/300","Multi-vehicle Collision","Minor Damage","Side Collision","Ambulance",81070,1,1,0,0.277227722772277
26,"FEMALE","IL","100/300","Single Vehicle Collision","Minor Damage","Front Collision","Fire",63120,0,1,0,0.284574468085106
46,"FEMALE","IL","500/1000","Single Vehicle Collision","Total Loss","Rear Collision","Other",70290,1,1,0,0.284574468085106
43,"MALE","OH","100/300","Multi-vehicle Collision","Minor Damage","Side Collision","Fire",60190,0,1,0,0.277227722772277
44,"MALE","OH","250/500","Single Vehicle Collision","Major Damage","Front Collision","Other",61380,1,1,0,0.284574468085106
49,"FEMALE","OH","250/500","Single Vehicle Collision","Minor Damage","Front Collision","Ambulance",28100,0,1,0,0.284574468085106
50,"FEMALE","IL","500/1000","Single Vehicle Collision","Total Loss","Side Collision","Fire",49060,0,1,0,0.284574468085106
50,"MALE","IL","250/500","Multi-vehicle Collision","Total Loss","Side Collision","Fire",57060,0,1,0,0.277227722772277
38,"FEMALE","IN","100/300","Multi-vehicle Collision","Major Damage","Side Collision","Fire",77880,0,1,0,0.277227722772277
41,"MALE","IN","500/1000","Single Vehicle Collision","Total Loss","Front Collision","Ambulance",73500,0,1,0,0.284574468085106
52,"FEMALE","IL","250/500","Multi-vehicle Collision","Minor Damage","Rear Collision","Other",88920,0,1,0,0.277227722772277
52,"FEMALE","IL","500/1000","Single Vehicle Collision","Major Damage","Front Collision","Other",47630,1,1,0,0.284574468085106
53,"FEMALE","IL","100/300","Multi-vehicle Collision","Total Loss","Front Collision","Fire",59040,0,1,0,0.277227722772277
37,"FEMALE","IL","250/500","Single Vehicle Collision","Minor Damage","Rear Collision","Other",79530,0,1,0,0.284574468085106
34,"FEMALE","OH","100/300","Single Vehicle Collision","Total Loss","Side Collision","Other",53680,0,1,0,0.284574468085106
46,"MALE","OH","500/1000","Single Vehicle Collision","Minor Damage","Side Collision","Police",33550,0,1,0,0.284574468085106
42,"FEMALE","IN","250/500","Multi-vehicle Collision","Total Loss","Side Collision","Other",69100,0,1,0,0.277227722772277
35,"MALE","IL","100/300","Multi-vehicle Collision","Major Damage","Rear Collision","Police",79750,0,1,0,0.277227722772277
28,"MALE","IN","100/300","Multi-vehicle Collision","Major Damage","Front Collision","Other",53600,1,1,0,0.277227722772277
54,"MALE","IN","100/300","Multi-vehicle Collision","Minor Damage","Side Collision","Fire",76560,0,1,0,0.277227722772277
32,"MALE","IN","100/300","Single Vehicle Collision","Total Loss","Front Collision","Fire",41130,0,1,0,0.284574468085106
26,"MALE","IL","500/1000","Multi-vehicle Collision","Total Loss","Rear Collision","Fire",78650,1,1,0,0.277227722772277
41,"FEMALE","OH","500/1000","Single Vehicle Collision","Major Damage","Side Collision","Other",71060,0,1,0,0.284574468085106
37,"FEMALE","IN","500/1000","Single Vehicle Collision","Minor Damage","Front Collision","Fire",38830,0,1,0,0.284574468085106
43,"FEMALE","IL","250/500","Single Vehicle Collision","Major Damage","Front Collision","Fire",53500,0,1,0,0.284574468085106
38,"FEMALE","IL","100/300","Single Vehicle Collision","Major Damage","Front Collision","Other",73700,1,1,0,0.284574468085106
36,"FEMALE","IL","100/300","Multi-vehicle Collision","Total Loss","Rear Collision","Ambulance",65400,0,1,0,0.277227722772277
51,"FEMALE","IN","500/1000","Single Vehicle Collision","Major Damage","Rear Collision","Fire",75400,1,1,0,0.284574468085106
28,"FEMALE","IL","250/500","Single Vehicle Collision","Minor Damage","Side Collision","Fire",58140,0,1,0,0.284574468085106
30,"FEMALE","IN","250/500","Single Vehicle Collision","Major Damage","Rear Collision","Fire",64100,0,1,0,0.284574468085106
28,"FEMALE","OH","250/500","Multi-vehicle Collision","Total Loss","Rear Collision","Fire",55440,1,1,0,0.277227722772277
27,"MALE","OH","250/500","Multi-vehicle Collision","Major Damage","Side Collision","Police",80850,1,1,0,0.277227722772277
61,"MALE","OH","250/500","Single Vehicle Collision","Major Damage","Side Collision","Fire",53640,1,1,0,0.284574468085106
23,"FEMALE","OH","500/1000","Multi-vehicle Collision","Major Damage","Rear Collision","Fire",63250,1,1,1,0.277227722772277
57,"FEMALE","IL","100/300","Multi-vehicle Collision","Major Damage","Side Collision","Ambulance",59040,0,1,0,0.277227722772277
36,"MALE","IL","250/500","Multi-vehicle Collision","Total Loss","Side Collision","Other",50500,0,1,0,0.277227722772277
43,"MALE","OH","500/1000","Single Vehicle Collision","Major Damage","Side Collision","Police",57690,1,1,0,0.284574468085106
30,"FEMALE","OH","250/500","Multi-vehicle Collision","Major Damage","Rear Collision","Fire",47790,1,1,0,0.277227722772277
31,"MALE","IL","100/300","Single Vehicle Collision","Major Damage","Front Collision","Police",59000,1,1,0,0.284574468085106
43,"MALE","OH","250/500","Multi-vehicle Collision","Major Damage","Rear Collision","Ambulance",70600,1,1,0,0.277227722772277
40,"MALE","IN","500/1000","Multi-vehicle Collision","Minor Damage","Side Collision","Police",61490,0,1,0,0.277227722772277
30,"FEMALE","IL","500/1000","Single Vehicle Collision","Minor Damage","Side Collision","Police",57640,0,1,0,0.284574468085106
45,"MALE","IL","250/500","Multi-vehicle Collision","Major Damage","Side Collision","Fire",53280,1,1,0,0.277227722772277
29,"FEMALE","IN","500/1000","Multi-vehicle Collision","Minor Damage","Rear Collision","Fire",78300,0,1,0,0.277227722772277
37,"MALE","OH","100/300","Multi-vehicle Collision","Major Damage","Rear Collision","Ambulance",41490,0,1,0,0.277227722772277
36,"FEMALE","IN","100/300","Multi-vehicle Collision","Total Loss","Front Collision","Fire",68970,0,1,0,0.277227722772277
55,"MALE","OH","250/500","Multi-vehicle Collision","Minor Damage","Rear Collision","Police",85300,0,1,0,0.277227722772277
47,"MALE","IL","100/300","Multi-vehicle Collision","Major Damage","Front Collision","Police",71760,1,1,0,0.277227722772277
26,"FEMALE","OH","100/300","Multi-vehicle Collision","Minor Damage","Rear Collision","Ambulance",59700,0,1,0,0.277227722772277
39,"FEMALE","IL","500/1000","Multi-vehicle Collision","Minor Damage","Front Collision","Fire",64920,0,1,0,0.277227722772277
43,"FEMALE","IN","500/1000","Multi-vehicle Collision","Major Damage","Front Collision","Ambulance",37530,0,1,0,0.277227722772277
42,"MALE","IN","250/500","Multi-vehicle Collision","Total Loss","Side Collision","Ambulance",64080,0,1,0,0.277227722772277
41,"MALE","OH","100/300","Single Vehicle Collision","Minor Damage","Rear Collision","Other",60390,1,1,0,0.284574468085106
33,"FEMALE","IL","100/300","Multi-vehicle Collision","Major Damage","Side Collision","Police",64350,1,1,0,0.277227722772277
38,"FEMALE","IL","100/300","Multi-vehicle Collision","Minor Damage","Side Collision","Police",70900,0,1,0,0.277227722772277
39,"FEMALE","OH","250/500","Multi-vehicle Collision","Minor Damage","Side Collision","Fire",46560,0,1,0,0.277227722772277
58,"MALE","OH","250/500","Single Vehicle Collision","Major Damage","Rear Collision","Police",59900,1,1,0,0.284574468085106
36,"FEMALE","OH","250/500","Multi-vehicle Collision","Major Damage","Side Collision","Police",79560,0,1,0,0.277227722772277
33,"FEMALE","IL","500/1000","Single Vehicle Collision","Total Loss","Front Collision","Other",70290,0,1,0,0.284574468085106
31,"MALE","IN","100/300","Multi-vehicle Collision","Total Loss","Rear Collision","Ambulance",63910,0,1,0,0.277227722772277
25,"FEMALE","IN","250/500","Single Vehicle Collision","Major Damage","Rear Collision","Ambulance",66780,1,1,0,0.284574468085106
40,"MALE","IL","250/500","Multi-vehicle Collision","Total Loss","Front Collision","Ambulance",51570,0,1,0,0.277227722772277
31,"FEMALE","IL","250/500","Multi-vehicle Collision","Major Damage","Rear Collision","Fire",52700,1,1,0,0.277227722772277
37,"MALE","IN","250/500","Multi-vehicle Collision","Minor Damage","Rear Collision","Police",53400,1,1,0,0.277227722772277
31,"FEMALE","IN","250/500","Single Vehicle Collision","Total Loss","Side Collision","Fire",72120,0,1,0,0.284574468085106
43,"MALE","IL","250/500","Multi-vehicle Collision","Minor Damage","Front Collision","Police",77100,0,1,0,0.277227722772277
27,"MALE","IN","250/500","Multi-vehicle Collision","Major Damage","Rear Collision","Other",63720,0,1,0,0.277227722772277
44,"MALE","IL","100/300","Multi-vehicle Collision","Major Damage","Rear Collision","Police",87300,0,1,0,0.277227722772277
47,"MALE","IN","250/500","Multi-vehicle Collision","Minor Damage","Rear Collision","Other",65800,0,1,0,0.277227722772277
34,"FEMALE","OH","100/300","Single Vehicle Collision","Major Damage","Front Collision","Other",36720,1,1,0,0.284574468085106
29,"FEMALE","IL","250/500","Single Vehicle Collision","Major Damage","Side Collision","Fire",52800,1,1,0,0.284574468085106
37,"FEMALE","IN","250/500","Multi-vehicle Collision","Total Loss","Rear Collision","Fire",59100,1,1,0,0.277227722772277
37,"MALE","OH","500/1000","Multi-vehicle Collision","Total Loss","Rear Collision","Other",77440,0,1,0,0.277227722772277
36,"MALE","IL","250/500","Multi-vehicle Collision","Total Loss","Side Collision","Fire",45700,0,1,0,0.277227722772277
41,"FEMALE","OH","100/300","Multi-vehicle Collision","Major Damage","Rear Collision","Other",80740,1,1,0,0.277227722772277
26,"MALE","IN","100/300","Multi-vehicle Collision","Major Damage","Front Collision","Ambulance",31350,1,1,0,0.277227722772277
33,"FEMALE","OH","100/300","Single Vehicle Collision","Total Loss","Side Collision","Other",35000,0,1,0,0.284574468085106
59,"MALE","OH","500/1000","Multi-vehicle Collision","Total Loss","Side Collision","Police",68000,0,1,0,0.277227722772277
30,"FEMALE","IL","250/500","Multi-vehicle Collision","Minor Damage","Side Collision","Other",84500,0,1,0,0.277227722772277
42,"FEMALE","IL","500/1000","Single Vehicle Collision","Minor Damage","Rear Collision","Police",75500,0,1,0,0.284574468085106
45,"FEMALE","IN","500/1000","Multi-vehicle Collision","Total Loss","Side Collision","Ambulance",64320,0,1,0,0.277227722772277
33,"FEMALE","IL","250/500","Multi-vehicle Collision","Minor Damage","Rear Collision","Police",31700,0,1,0,0.277227722772277
30,"MALE","IN","500/1000","Single Vehicle Collision","Major Damage","Side Collision","Other",74280,1,1,0,0.284574468085106
37,"FEMALE","IL","100/300","Single Vehicle Collision","Total Loss","Front Collision","Fire",80520,0,1,0,0.284574468085106
30,"MALE","IN","250/500","Multi-vehicle Collision","Major Damage","Rear Collision","Other",63600,0,1,0,0.277227722772277
44,"MALE","IL","250/500","Single Vehicle Collision","Total Loss","Front Collision","Police",32800,0,1,0,0.284574468085106
50,"FEMALE","OH","500/1000","Multi-vehicle Collision","Total Loss","Rear Collision","Police",44190,0,1,0,0.277227722772277
26,"MALE","IL","250/500","Multi-vehicle Collision","Major Damage","Rear Collision","Other",50400,1,1,0,0.277227722772277
55,"MALE","IL","500/1000","Multi-vehicle Collision","Total Loss","Side Collision","Police",88400,0,1,0,0.277227722772277
49,"FEMALE","IL","100/300","Multi-vehicle Collision","Total Loss","Front Collision","Fire",66550,0,1,0,0.277227722772277
47,"MALE","IN","100/300","Multi-vehicle Collision","Minor Damage","Rear Collision","Police",65780,0,1,0,0.277227722772277
40,"MALE","IN","250/500","Multi-vehicle Collision","Major Damage","Side Collision","Other",51810,1,1,0,0.277227722772277
31,"MALE","IN","250/500","Single Vehicle Collision","Major Damage","Front Collision","Other",55660,1,1,0,0.284574468085106
28,"MALE","OH","500/1000","Single Vehicle Collision","Major Damage","Side Collision","Fire",44640,0,1,0,0.284574468085106
46,"FEMALE","IL","500/1000","Multi-vehicle Collision","Major Damage","Front Collision","Ambulance",77660,1,1,0,0.277227722772277
30,"MALE","OH","100/300","Single Vehicle Collision","Total Loss","Side Collision","Fire",53440,0,1,0,0.284574468085106
31,"FEMALE","IL","500/1000","Single Vehicle Collision","Minor Damage","Rear Collision","Police",65250,0,1,0,0.284574468085106
39,"MALE","OH","250/500","Multi-vehicle Collision","Minor Damage","Side Collision","Fire",44280,0,1,0,0.277227722772277
37,"MALE","IL","500/1000","Single Vehicle Collision","Total Loss","Rear Collision","Police",70290,0,1,0,0.284574468085106
30,"FEMALE","IN","250/500","Single Vehicle Collision","Minor Damage","Front Collision","Other",87100,0,1,0,0.284574468085106
35,"MALE","IN","500/1000","Multi-vehicle Collision","Total Loss","Front Collision","Fire",50380,0,1,0,0.277227722772277
45,"FEMALE","IL","100/300","Multi-vehicle Collision","Total Loss","Side Collision","Police",64800,1,1,0,0.277227722772277
42,"FEMALE","OH","100/300","Single Vehicle Collision","Minor Damage","Rear Collision","Other",70400,0,1,0,0.284574468085106
26,"MALE","IL","250/500","Single Vehicle Collision","Major Damage","Rear Collision","Police",57860,1,1,0,0.284574468085106
38,"FEMALE","IN","100/300","Single Vehicle Collision","Total Loss","Rear Collision","Police",66600,1,1,0,0.284574468085106
28,"MALE","IN","100/300","Single Vehicle Collision","Minor Damage","Side Collision","Police",70920,0,1,0,0.284574468085106
56,"MALE","OH","250/500","Single Vehicle Collision","Minor Damage","Rear Collision","Ambulance",39480,0,1,0,0.284574468085106
43,"FEMALE","IN","500/1000","Single Vehicle Collision","Total Loss","Front Collision","Other",63240,0,1,0,0.284574468085106
34,"MALE","IL","100/300","Multi-vehicle Collision","Total Loss","Side Collision","Other",67650,0,1,0,0.277227722772277
39,"FEMALE","IL","100/300","Single Vehicle Collision","Major Damage","Front Collision","Fire",74200,1,1,0,0.284574468085106
43,"FEMALE","OH","500/1000","Single Vehicle Collision","Minor Damage","Side Collision","Other",64900,0,1,0,0.284574468085106
44,"FEMALE","IL","500/1000","Multi-vehicle Collision","Major Damage","Rear Collision","Ambulance",35900,1,1,0,0.277227722772277
26,"FEMALE","IN","100/300","Single Vehicle Collision","Minor Damage","Rear Collision","Fire",52200,0,1,0,0.284574468085106
57,"MALE","OH","100/300","Single Vehicle Collision","Minor Damage","Front Collision","Police",78000,0,1,0,0.284574468085106
27,"FEMALE","IN","500/1000","Multi-vehicle Collision","Minor Damage","Front Collision","Ambulance",67200,0,1,0,0.277227722772277
43,"FEMALE","OH","100/300","Single Vehicle Collision","Total Loss","Rear Collision","Fire",63250,0,1,0,0.284574468085106
37,"FEMALE","IL","250/500","Multi-vehicle Collision","Major Damage","Side Collision","Other",68760,0,1,0,0.277227722772277
28,"MALE","OH","250/500","Multi-vehicle Collision","Minor Damage","Side Collision","Police",65040,0,1,0,0.277227722772277
33,"MALE","IL","100/300","Single Vehicle Collision","Major Damage","Side Collision","Ambulance",82800,1,1,0,0.284574468085106
44,"MALE","OH","500/1000","Single Vehicle Collision","Total Loss","Side Collision","Other",61700,0,1,0,0.284574468085106
61,"FEMALE","IN","250/500","Multi-vehicle Collision","Major Damage","Rear Collision","Ambulance",78100,1,1,0,0.277227722772277
24,"FEMALE","IN","100/300","Multi-vehicle Collision","Major Damage","Rear Collision","Ambulance",65520,1,1,1,0.277227722772277
41,"FEMALE","OH","100/300","Multi-vehicle Collision","Major Damage","Side Collision","Other",42700,1,1,0,0.277227722772277
47,"FEMALE","OH","500/1000","Single Vehicle Collision","Minor Damage","Front Collision","Ambulance",54000,0,1,0,0.284574468085106
19,"FEMALE","IN","250/500","Single Vehicle Collision","Minor Damage","Side Collision","Police",48950,1,1,1,0.284574468085106
47,"MALE","IL","500/1000","Multi-vehicle Collision","Major Damage","Rear Collision","Other",77800,0,1,0,0.277227722772277
57,"MALE","IN","100/300","Multi-vehicle Collision","Major Damage","Front Collision","Other",52560,0,1,0,0.277227722772277
41,"FEMALE","OH","500/1000","Multi-vehicle Collision","Total Loss","Side Collision","Police",44110,0,1,0,0.277227722772277
30,"FEMALE","IL","500/1000","Single Vehicle Collision","Total Loss","Front Collision","Other",74360,0,1,0,0.284574468085106
53,"MALE","IL","500/1000","Multi-vehicle Collision","Minor Damage","Side Collision","Police",62280,0,1,0,0.277227722772277
44,"FEMALE","IL","250/500","Multi-vehicle Collision","Total Loss","Front Collision","Other",26730,0,1,0,0.277227722772277
29,"FEMALE","OH","500/1000","Single Vehicle Collision","Major Damage","Rear Collision","Ambulance",66200,0,1,0,0.284574468085106
26,"MALE","OH","100/300","Single Vehicle Collision","Total Loss","Side Collision","Fire",45500,0,1,0,0.284574468085106
41,"MALE","IN","100/300","Multi-vehicle Collision","Minor Damage","Side Collision","Ambulance",53040,0,1,0,0.277227722772277
32,"MALE","OH","100/300","Multi-vehicle Collision","Major Damage","Front Collision","Other",50800,1,1,0,0.277227722772277
41,"FEMALE","IN","250/500","Multi-vehicle Collision","Total Loss","Side Collision","Police",44200,0,1,0,0.277227722772277
34,"FEMALE","IL","500/1000","Single Vehicle Collision","Minor Damage","Front Collision","Police",62920,0,1,0,0.284574468085106
29,"MALE","OH","250/500","Multi-vehicle Collision","Minor Damage","Rear Collision","Other",49950,1,1,0,0.277227722772277
46,"MALE","IL","250/500","Single Vehicle Collision","Minor Damage","Rear Collision","Ambulance",56430,1,1,0,0.284574468085106
30,"MALE","OH","500/1000","Multi-vehicle Collision","Minor Damage","Front Collision","Fire",49140,0,1,0,0.277227722772277
38,"FEMALE","OH","250/500","Single Vehicle Collision","Major Damage","Side Collision","Ambulance",66840,0,1,0,0.284574468085106
21,"MALE","IN","500/1000","Single Vehicle Collision","Total Loss","Front Collision","Other",62460,0,1,1,0.284574468085106
36,"MALE","OH","100/300","Multi-vehicle Collision","Total Loss","Side Collision","Other",62810,0,1,0,0.277227722772277
33,"FEMALE","OH","500/1000","Single Vehicle Collision","Major Damage","Front Collision","Ambulance",54160,0,1,0,0.284574468085106
35,"FEMALE","IL","100/300","Single Vehicle Collision","Major Damage","Rear Collision","Ambulance",48400,0,1,0,0.284574468085106
48,"MALE","IN","250/500","Multi-vehicle Collision","Total Loss","Side Collision","Fire",51480,0,1,0,0.277227722772277
36,"FEMALE","OH","100/300","Multi-vehicle Collision","Total Loss","Rear Collision","Fire",51700,0,1,0,0.277227722772277
58,"MALE","OH","250/500","Multi-vehicle Collision","Total Loss","Front Collision","Other",65520,0,1,0,0.277227722772277
31,"MALE","IN","500/1000","Multi-vehicle Collision","Major Damage","Rear Collision","Other",47700,1,1,0,0.277227722772277
57,"MALE","IN","100/300","Single Vehicle Collision","Major Damage","Side Collision","Other",73320,0,1,0,0.284574468085106
46,"MALE","IN","100/300","Single Vehicle Collision","Minor Damage","Front Collision","Fire",74900,0,1,0,0.284574468085106
33,"MALE","IN","100/300","Single Vehicle Collision","Minor Damage","Rear Collision","Ambulance",76920,0,1,0,0.284574468085106
53,"FEMALE","OH","250/500","Multi-vehicle Collision","Total Loss","Front Collision","Police",77990,0,1,0,0.277227722772277
46,"MALE","IL","500/1000","Single Vehicle Collision","Total Loss","Front Collision","Fire",59670,0,1,0,0.284574468085106
33,"FEMALE","IN","100/300","Multi-vehicle Collision","Major Damage","Rear Collision","Ambulance",44880,1,1,0,0.277227722772277
51,"MALE","IN","100/300","Single Vehicle Collision","Minor Damage","Side Collision","Ambulance",82830,0,1,0,0.284574468085106
60,"FEMALE","OH","500/1000","Single Vehicle Collision","Minor Damage","Front Collision","Other",84480,1,1,0,0.284574468085106
30,"FEMALE","IN","100/300","Multi-vehicle Collision","Total Loss","Side Collision","Fire",79800,0,1,0,0.277227722772277
41,"MALE","OH","500/1000","Multi-vehicle Collision","Minor Damage","Rear Collision","Police",53020,0,1,0,0.277227722772277
45,"FEMALE","IN","500/1000","Multi-vehicle Collision","Total Loss","Side Collision","Police",24200,0,1,0,0.277227722772277
40,"MALE","OH","250/500","Single Vehicle Collision","Minor Damage","Rear Collision","Fire",43230,0,1,0,0.284574468085106
44,"FEMALE","OH","250/500","Multi-vehicle Collision","Minor Damage","Front Collision","Fire",69480,0,1,0,0.277227722772277
32,"FEMALE","OH","500/1000","Single Vehicle Collision","Total Loss","Front Collision","Other",61270,0,1,0,0.284574468085106
49,"FEMALE","OH","500/1000","Single Vehicle Collision","Total Loss","Rear Collision","Police",71440,0,1,0,0.284574468085106
37,"FEMALE","OH","250/500","Single Vehicle Collision","Total Loss","Rear Collision","Ambulance",55600,0,1,0,0.284574468085106
41,"FEMALE","IN","100/300","Single Vehicle Collision","Major Damage","Rear Collision","Ambulance",69300,0,1,0,0.284574468085106
37,"MALE","IN","250/500","Single Vehicle Collision","Total Loss","Front Collision","Ambulance",81120,0,1,0,0.284574468085106
48,"FEMALE","IN","100/300","Single Vehicle Collision","Minor Damage","Side Collision","Fire",60600,0,1,0,0.284574468085106
31,"MALE","IN","500/1000","Multi-vehicle Collision","Major Damage","Front Collision","Ambulance",64800,1,1,0,0.277227722772277
34,"FEMALE","OH","500/1000","Multi-vehicle Collision","Major Damage","Side Collision","Police",66880,1,1,0,0.277227722772277
35,"MALE","IL","500/1000","Single Vehicle Collision","Total Loss","Front Collision","Ambulance",58200,0,1,0,0.284574468085106
31,"FEMALE","IN","100/300","Single Vehicle Collision","Minor Damage","Side Collision","Police",60570,0,1,0,0.284574468085106
36,"FEMALE","IL","100/300","Multi-vehicle Collision","Major Damage","Rear Collision","Ambulance",69680,1,1,0,0.277227722772277
58,"MALE","IN","500/1000","Single Vehicle Collision","Total Loss","Front Collision","Fire",55700,0,1,0,0.284574468085106
47,"FEMALE","IN","250/500","Multi-vehicle Collision","Total Loss","Front Collision","Ambulance",62370,0,1,0,0.277227722772277
45,"FEMALE","OH","500/1000","Multi-vehicle Collision","Total Loss","Side Collision","Other",54340,0,1,0,0.277227722772277
48,"FEMALE","OH","100/300","Single Vehicle Collision","Major Damage","Front Collision","Police",55170,1,1,0,0.284574468085106
34,"MALE","IL","100/300","Single Vehicle Collision","Minor Damage","Front Collision","Other",58500,0,1,0,0.284574468085106
32,"MALE","OH","100/300","Single Vehicle Collision","Major Damage","Rear Collision","Fire",59940,0,1,0,0.284574468085106
28,"MALE","OH","250/500","Single Vehicle Collision","Total Loss","Side Collision","Police",73400,0,1,0,0.284574468085106
23,"MALE","IL","100/300","Single Vehicle Collision","Major Damage","Side Collision","Fire",41850,0,1,1,0.284574468085106
31,"MALE","IN","500/1000","Single Vehicle Collision","Total Loss","Rear Collision","Fire",57330,0,1,0,0.284574468085106
50,"MALE","OH","100/300","Multi-vehicle Collision","Total Loss","Front Collision","Other",81960,0,1,0,0.277227722772277
33,"FEMALE","IN","250/500","Single Vehicle Collision","Major Damage","Side Collision","Fire",70400,1,1,0,0.284574468085106
52,"FEMALE","IN","500/1000","Single Vehicle Collision","Total Loss","Rear Collision","Police",54810,1,1,0,0.284574468085106
37,"FEMALE","IN","250/500","Single Vehicle Collision","Total Loss","Rear Collision","Fire",49400,0,1,0,0.284574468085106
53,"MALE","IL","250/500","Single Vehicle Collision","Minor Damage","Front Collision","Fire",68750,0,1,0,0.284574468085106
32,"FEMALE","OH","100/300","Single Vehicle Collision","Total Loss","Front Collision","Ambulance",61500,0,1,0,0.284574468085106
39,"FEMALE","IL","100/300","Multi-vehicle Collision","Major Damage","Rear Collision","Ambulance",76890,0,1,0,0.277227722772277
32,"FEMALE","OH","100/300","Single Vehicle Collision","Minor Damage","Rear Collision","Ambulance",56070,0,1,0,0.284574468085106
30,"FEMALE","IN","100/300","Single Vehicle Collision","Total Loss","Side Collision","Fire",56000,0,1,0,0.284574468085106
37,"FEMALE","IL","250/500","Multi-vehicle Collision","Total Loss","Rear Collision","Other",60750,0,1,0,0.277227722772277
30,"FEMALE","IL","250/500","Single Vehicle Collision","Minor Damage","Side Collision","Other",48730,0,1,0,0.284574468085106
28,"MALE","IL","100/300","Single Vehicle Collision","Major Damage","Side Collision","Ambulance",79800,1,1,0,0.284574468085106
38,"FEMALE","IN","500/1000","Single Vehicle Collision","Minor Damage","Side Collision","Ambulance",79500,0,1,0,0.284574468085106
44,"FEMALE","OH","250/500","Single Vehicle Collision","Minor Damage","Rear Collision","Other",76230,1,1,0,0.284574468085106
54,"MALE","IL","100/300","Single Vehicle Collision","Minor Damage","Side Collision","Ambulance",59520,0,1,0,0.284574468085106
57,"FEMALE","IL","100/300","Multi-vehicle Collision","Major Damage","Front Collision","Police",47760,1,1,0,0.277227722772277
41,"MALE","IL","100/300","Multi-vehicle Collision","Total Loss","Side Collision","Police",84590,0,1,0,0.277227722772277
38,"MALE","OH","500/1000","Multi-vehicle Collision","Total Loss","Front Collision","Other",61650,0,1,0,0.277227722772277
33,"FEMALE","IL","500/1000","Single Vehicle Collision","Major Damage","Rear Collision","Police",81400,0,1,0,0.284574468085106
34,"FEMALE","IN","100/300","Multi-vehicle Collision","Major Damage","Side Collision","Fire",58410,0,1,0,0.277227722772277
56,"FEMALE","IL","250/500","Multi-vehicle Collision","Major Damage","Side Collision","Ambulance",38610,0,1,0,0.277227722772277
37,"FEMALE","OH","100/300","Multi-vehicle Collision","Minor Damage","Front Collision","Fire",57600,0,1,0,0.277227722772277
35,"FEMALE","IL","100/300","Multi-vehicle Collision","Minor Damage","Side Collision","Fire",53190,0,1,0,0.277227722772277
57,"FEMALE","OH","100/300","Single Vehicle Collision","Major Damage","Front Collision","Other",58300,1,1,0,0.284574468085106
38,"MALE","IL","500/1000","Multi-vehicle Collision","Minor Damage","Front Collision","Ambulance",64620,0,1,0,0.277227722772277
36,"FEMALE","OH","500/1000","Multi-vehicle Collision","Total Loss","Side Collision","Police",55900,0,1,0,0.277227722772277
29,"MALE","IL","250/500","Single Vehicle Collision","Major Damage","Rear Collision","Other",63800,1,1,0,0.284574468085106
56,"MALE","OH","100/300","Single Vehicle Collision","Total Loss","Side Collision","Police",58160,1,1,0,0.284574468085106
44,"MALE","IL","100/300","Multi-vehicle Collision","Major Damage","Rear Collision","Fire",69850,0,1,0,0.277227722772277
21,"FEMALE","OH","250/500","Single Vehicle Collision","Minor Damage","Rear Collision","Fire",62900,0,1,1,0.284574468085106
30,"MALE","IN","500/1000","Multi-vehicle Collision","Major Damage","Front Collision","Other",59670,1,1,0,0.277227722772277
40,"MALE","IL","100/300","Multi-vehicle Collision","Minor Damage","Rear Collision","Other",81500,0,1,0,0.277227722772277
56,"MALE","OH","100/300","Single Vehicle Collision","Minor Damage","Rear Collision","Ambulance",50000,0,1,0,0.284574468085106
28,"MALE","IN","100/300","Single Vehicle Collision","Total Loss","Front Collision","Other",48290,0,1,0,0.284574468085106
29,"MALE","OH","500/1000","Single Vehicle Collision","Total Loss","Rear Collision","Fire",59070,0,1,0,0.284574468085106
24,"FEMALE","IN","500/1000","Multi-vehicle Collision","Minor Damage","Rear Collision","Police",63300,0,1,1,0.277227722772277
46,"MALE","IL","100/300","Single Vehicle Collision","Total Loss","Side Collision","Other",65780,0,1,0,0.284574468085106
29,"MALE","OH","250/500","Multi-vehicle Collision","Total Loss","Front Collision","Ambulance",75400,1,1,0,0.277227722772277
39,"FEMALE","IL","100/300","Multi-vehicle Collision","Minor Damage","Front Collision","Ambulance",54120,0,1,0,0.277227722772277
49,"MALE","OH","250/500","Multi-vehicle Collision","Major Damage","Side Collision","Other",69480,0,1,0,0.277227722772277
43,"FEMALE","IN","100/300","Single Vehicle Collision","Minor Damage","Rear Collision","Police",66950,0,1,0,0.284574468085106
47,"FEMALE","OH","250/500","Multi-vehicle Collision","Major Damage","Rear Collision","Other",64100,1,1,0,0.277227722772277
46,"MALE","IN","100/300","Single Vehicle Collision","Minor Damage","Rear Collision","Other",80280,0,1,0,0.284574468085106
32,"MALE","OH","500/1000","Multi-vehicle Collision","Minor Damage","Rear Collision","Ambulance",39720,0,1,0,0.277227722772277
58,"MALE","IL","250/500","Single Vehicle Collision","Major Damage","Front Collision","Police",63580,1,1,0,0.284574468085106
49,"FEMALE","IN","100/300","Single Vehicle Collision","Minor Damage","Side Collision","Other",73370,0,1,0,0.284574468085106
29,"FEMALE","OH","500/1000","Single Vehicle Collision","Minor Damage","Side Collision","Police",86790,0,1,0,0.284574468085106
39,"MALE","IN","250/500","Single Vehicle Collision","Major Damage","Side Collision","Police",49800,0,1,0,0.284574468085106
38,"FEMALE","IL","100/300","Single Vehicle Collision","Major Damage","Side Collision","Other",77440,0,1,0,0.284574468085106
48,"FEMALE","IL","500/1000","Single Vehicle Collision","Total Loss","Front Collision","Other",42900,0,1,0,0.284574468085106
26,"FEMALE","OH","100/300","Multi-vehicle Collision","Major Damage","Rear Collision","Fire",53820,1,1,0,0.277227722772277
46,"MALE","IL","100/300","Single Vehicle Collision","Minor Damage","Rear Collision","Police",57330,0,1,0,0.284574468085106
24,"FEMALE","IL","500/1000","Multi-vehicle Collision","Minor Damage","Rear Collision","Police",53370,0,1,1,0.277227722772277
29,"MALE","IL","100/300","Single Vehicle Collision","Minor Damage","Front Collision","Police",62920,0,1,0,0.284574468085106
24,"FEMALE","IN","500/1000","Multi-vehicle Collision","Total Loss","Front Collision","Fire",61600,0,1,1,0.277227722772277
30,"MALE","IL","500/1000","Multi-vehicle Collision","Total Loss","Rear Collision","Police",74160,0,1,0,0.277227722772277
38,"MALE","OH","250/500","Single Vehicle Collision","Total Loss","Rear Collision","Police",80100,0,1,0,0.284574468085106
34,"MALE","IL","250/500","Single Vehicle Collision","Total Loss","Rear Collision","Ambulance",58800,0,1,0,0.284574468085106
38,"FEMALE","IL","250/500","Multi-vehicle Collision","Minor Damage","Side Collision","Ambulance",53730,1,1,0,0.277227722772277
60,"FEMALE","IL","100/300","Single Vehicle Collision","Total Loss","Rear Collision","Ambulance",60600,0,1,0,0.284574468085106
48,"FEMALE","OH","250/500","Single Vehicle Collision","Total Loss","Side Collision","Other",35750,0,1,0,0.284574468085106
27,"FEMALE","IN","100/300","Single Vehicle Collision","Total Loss","Front Collision","Ambulance",42840,0,1,0,0.284574468085106
39,"MALE","IL","250/500","Multi-vehicle Collision","Major Damage","Front Collision","Fire",87960,1,1,0,0.277227722772277
41,"MALE","IL","250/500","Multi-vehicle Collision","Minor Damage","Rear Collision","Ambulance",47800,0,1,0,0.277227722772277
43,"MALE","IN","100/300","Single Vehicle Collision","Total Loss","Front Collision","Fire",77000,0,1,0,0.284574468085106
26,"FEMALE","IL","250/500","Single Vehicle Collision","Total Loss","Rear Collision","Ambulance",88110,0,1,0,0.284574468085106
42,"MALE","IN","100/300","Multi-vehicle Collision","Minor Damage","Rear Collision","Fire",47740,0,1,0,0.277227722772277
30,"FEMALE","OH","100/300","Multi-vehicle Collision","Total Loss","Rear Collision","Fire",58960,0,1,0,0.277227722772277
45,"FEMALE","IL","100/300","Multi-vehicle Collision","Major Damage","Side Collision","Ambulance",78870,0,1,0,0.277227722772277
54,"FEMALE","IL","100/300","Single Vehicle Collision","Total Loss","Front Collision","Ambulance",75960,0,1,0,0.284574468085106
34,"FEMALE","IN","250/500","Single Vehicle Collision","Major Damage","Front Collision","Police",75570,1,1,0,0.284574468085106
48,"FEMALE","IL","500/1000","Single Vehicle Collision","Minor Damage","Front Collision","Police",90240,0,1,0,0.284574468085106
53,"FEMALE","IN","100/300","Single Vehicle Collision","Major Damage","Front Collision","Ambulance",80960,0,1,0,0.284574468085106
38,"MALE","IL","100/300","Multi-vehicle Collision","Total Loss","Front Collision","Other",79080,0,1,0,0.277227722772277
42,"FEMALE","OH","100/300","Multi-vehicle Collision","Total Loss","Rear Collision","Fire",62590,0,1,0,0.277227722772277
23,"FEMALE","OH","250/500","Single Vehicle Collision","Major Damage","Side Collision","Other",52400,1,1,1,0.284574468085106
46,"MALE","IL","250/500","Multi-vehicle Collision","Major Damage","Front Collision","Ambulance",63580,0,1,0,0.277227722772277
55,"FEMALE","IL","250/500","Multi-vehicle Collision","Minor Damage","Side Collision","Police",61400,0,1,0,0.277227722772277
44,"FEMALE","IN","250/500","Single Vehicle Collision","Total Loss","Front Collision","Fire",74140,0,1,0,0.284574468085106
30,"FEMALE","OH","500/1000","Single Vehicle Collision","Major Damage","Front Collision","Other",83160,0,1,0,0.284574468085106
31,"FEMALE","IL","100/300","Multi-vehicle Collision","Major Damage","Rear Collision","Police",48070,0,1,0,0.277227722772277
25,"FEMALE","OH","100/300","Multi-vehicle Collision","Minor Damage","Rear Collision","Ambulance",51030,0,1,0,0.277227722772277
40,"MALE","IN","100/300","Single Vehicle Collision","Minor Damage","Front Collision","Fire",43280,1,1,0,0.284574468085106
29,"FEMALE","IN","250/500","Single Vehicle Collision","Major Damage","Front Collision","Fire",76400,0,1,0,0.284574468085106
43,"MALE","IN","100/300","Single Vehicle Collision","Total Loss","Side Collision","Ambulance",75460,0,1,0,0.284574468085106
50,"MALE","OH","100/300","Multi-vehicle Collision","Major Damage","Side Collision","Other",69000,1,1,0,0.277227722772277
29,"MALE","OH","250/500","Multi-vehicle Collision","Minor Damage","Rear Collision","Ambulance",67210,0,1,0,0.277227722772277
37,"MALE","IN","500/1000","Multi-vehicle Collision","Total Loss","Side Collision","Ambulance",42500,0,1,0,0.277227722772277
53,"MALE","OH","100/300","Single Vehicle Collision","Minor Damage","Rear Collision","Fire",86400,0,1,0,0.284574468085106
40,"FEMALE","IL","100/300","Multi-vehicle Collision","Minor Damage","Side Collision","Other",41700,0,1,0,0.277227722772277
51,"MALE","IL","100/300","Single Vehicle Collision","Major Damage","Rear Collision","Other",77330,1,1,0,0.284574468085106
35,"FEMALE","IL","100/300","Multi-vehicle Collision","Total Loss","Side Collision","Fire",24570,1,1,0,0.277227722772277
38,"FEMALE","IN","100/300","Multi-vehicle Collision","Minor Damage","Rear Collision","Ambulance",53680,0,1,0,0.277227722772277
49,"MALE","IN","500/1000","Multi-vehicle Collision","Total Loss","Side Collision","Police",42900,0,1,0,0.277227722772277
41,"MALE","OH","250/500","Single Vehicle Collision","Minor Damage","Front Collision","Fire",84100,1,1,0,0.284574468085106
27,"FEMALE","IN","100/300","Single Vehicle Collision","Total Loss","Front Collision","Fire",61560,0,1,0,0.284574468085106
39,"FEMALE","IN","500/1000","Single Vehicle Collision","Minor Damage","Rear Collision","Police",44240,0,1,0,0.284574468085106
33,"FEMALE","IN","500/1000","Multi-vehicle Collision","Minor Damage","Rear Collision","Ambulance",57700,0,1,0,0.277227722772277
30,"FEMALE","IN","100/300","Single Vehicle Collision","Minor Damage","Rear Collision","Fire",54300,0,1,0,0.284574468085106
54,"MALE","IN","100/300","Multi-vehicle Collision","Major Damage","Front Collision","Ambulance",32280,1,1,0,0.277227722772277
42,"MALE","IN","250/500","Multi-vehicle Collision","Total Loss","Rear Collision","Other",84600,0,1,0,0.277227722772277
35,"MALE","IL","250/500","Single Vehicle Collision","Total Loss","Front Collision","Other",69700,0,1,0,0.284574468085106
33,"MALE","OH","100/300","Multi-vehicle Collision","Total Loss","Rear Collision","Ambulance",36400,0,1,0,0.277227722772277
39,"FEMALE","OH","250/500","Multi-vehicle Collision","Minor Damage","Side Collision","Police",37520,0,1,0,0.277227722772277
33,"FEMALE","OH","500/1000","Multi-vehicle Collision","Major Damage","Side Collision","Ambulance",79090,0,1,0,0.277227722772277
54,"MALE","OH","250/500","Single Vehicle Collision","Major Damage","Rear Collision","Other",67770,1,1,0,0.284574468085106
32,"MALE","OH","100/300","Single Vehicle Collision","Total Loss","Side Collision","Other",47400,1,1,0,0.284574468085106
40,"MALE","IN","100/300","Single Vehicle Collision","Total Loss","Front Collision","Other",71100,0,1,0,0.284574468085106
46,"MALE","OH","100/300","Single Vehicle Collision","Minor Damage","Front Collision","Police",69400,0,1,0,0.284574468085106
39,"MALE","OH","500/1000","Multi-vehicle Collision","Major Damage","Rear Collision","Other",55000,1,1,0,0.277227722772277
52,"MALE","IN","250/500","Multi-vehicle Collision","Total Loss","Rear Collision","Police",51090,0,1,0,0.277227722772277
34,"MALE","OH","500/1000","Single Vehicle Collision","Major Damage","Side Collision","Fire",64200,1,1,0,0.284574468085106
45,"MALE","IL","500/1000","Single Vehicle Collision","Total Loss","Front Collision","Other",67320,0,1,0,0.284574468085106
31,"MALE","IL","250/500","Multi-vehicle Collision","Major Damage","Side Collision","Other",76120,0,1,0,0.277227722772277
28,"FEMALE","OH","500/1000","Multi-vehicle Collision","Minor Damage","Front Collision","Ambulance",85020,0,1,0,0.277227722772277
41,"MALE","OH","250/500","Multi-vehicle Collision","Minor Damage","Rear Collision","Fire",68090,0,1,0,0.277227722772277
59,"FEMALE","IL","250/500","Multi-vehicle Collision","Major Damage","Front Collision","Other",72400,1,1,0,0.277227722772277
64,"MALE","IN","250/500","Single Vehicle Collision","Major Damage","Front Collision","Fire",70900,0,1,0,0.284574468085106
25,"FEMALE","IL","500/1000","Multi-vehicle Collision","Total Loss","Side Collision","Other",65100,0,1,0,0.277227722772277
40,"FEMALE","OH","100/300","Multi-vehicle Collision","Total Loss","Side Collision","Ambulance",64260,0,1,0,0.277227722772277
43,"FEMALE","IL","500/1000","Single Vehicle Collision","Major Damage","Rear Collision","Ambulance",79970,1,1,0,0.284574468085106
41,"FEMALE","IN","100/300","Single Vehicle Collision","Total Loss","Rear Collision","Police",56610,0,1,0,0.284574468085106
30,"FEMALE","IN","500/1000","Single Vehicle Collision","Major Damage","Side Collision","Fire",84590,1,1,0,0.284574468085106
38,"MALE","OH","250/500","Multi-vehicle Collision","Major Damage","Side Collision","Fire",66780,0,1,0,0.277227722772277
36,"MALE","IN","100/300","Single Vehicle Collision","Major Damage","Rear Collision","Police",58500,0,1,0,0.284574468085106
41,"FEMALE","IL","250/500","Multi-vehicle Collision","Major Damage","Front Collision","Ambulance",54450,0,1,0,0.277227722772277
38,"FEMALE","OH","250/500","Multi-vehicle Collision","Major Damage","Front Collision","Police",61920,0,1,0,0.277227722772277
29,"MALE","OH","250/500","Single Vehicle Collision","Minor Damage","Side Collision","Ambulance",43700,1,1,0,0.284574468085106
31,"MALE","IN","100/300","Single Vehicle Collision","Minor Damage","Front Collision","Other",64080,0,1,0,0.284574468085106
35,"MALE","IL","250/500","Single Vehicle Collision","Total Loss","Rear Collision","Other",55000,1,1,0,0.284574468085106
27,"MALE","OH","100/300","Multi-vehicle Collision","Minor Damage","Side Collision","Police",71640,0,1,0,0.277227722772277
44,"MALE","OH","100/300","Single Vehicle Collision","Minor Damage","Rear Collision","Other",61740,0,1,0,0.284574468085106
27,"FEMALE","OH","500/1000","Single Vehicle Collision","Total Loss","Side Collision","Ambulance",57500,0,1,0,0.284574468085106
46,"FEMALE","OH","100/300","Multi-vehicle Collision","Total Loss","Front Collision","Police",77100,0,1,0,0.277227722772277
57,"MALE","IL","250/500","Single Vehicle Collision","Minor Damage","Front Collision","Police",59400,0,1,0,0.284574468085106
46,"MALE","IN","100/300","Multi-vehicle Collision","Minor Damage","Rear Collision","Fire",54890,0,1,0,0.277227722772277
30,"MALE","IL","250/500","Multi-vehicle Collision","Minor Damage","Front Collision","Other",74030,0,1,0,0.277227722772277
42,"FEMALE","IL","250/500","Single Vehicle Collision","Total Loss","Rear Collision","Other",61490,0,1,0,0.284574468085106
27,"MALE","IN","250/500","Multi-vehicle Collision","Minor Damage","Front Collision","Police",79560,0,1,0,0.277227722772277
34,"MALE","IL","250/500","Multi-vehicle Collision","Total Loss","Side Collision","Other",77770,0,1,0,0.277227722772277
43,"FEMALE","IN","500/1000","Multi-vehicle Collision","Major Damage","Side Collision","Fire",74700,1,1,0,0.277227722772277
26,"MALE","IL","100/300","Multi-vehicle Collision","Minor Damage","Front Collision","Police",40600,0,1,0,0.277227722772277
28,"MALE","OH","100/300","Single Vehicle Collision","Total Loss","Rear Collision","Ambulance",45270,0,1,0,0.284574468085106
36,"FEMALE","IL","100/300","Multi-vehicle Collision","Minor Damage","Front Collision","Ambulance",47080,0,1,0,0.277227722772277
57,"FEMALE","OH","500/1000","Single Vehicle Collision","Minor Damage","Side Collision","Police",40700,1,1,0,0.284574468085106
27,"FEMALE","OH","100/300","Single Vehicle Collision","Minor Damage","Side Collision","Police",34650,0,1,0,0.284574468085106
42,"MALE","IL","500/1000","Single Vehicle Collision","Major Damage","Rear Collision","Fire",78980,1,1,0,0.284574468085106
60,"FEMALE","IN","100/300","Single Vehicle Collision","Major Damage","Front Collision","Ambulance",85250,0,1,0,0.284574468085106
50,"MALE","IL","100/300","Multi-vehicle Collision","Major Damage","Side Collision","Fire",72840,0,1,0,0.277227722772277
39,"FEMALE","IN","250/500","Single Vehicle Collision","Major Damage","Front Collision","Fire",87890,1,1,0,0.284574468085106
47,"FEMALE","IL","100/300","Multi-vehicle Collision","Total Loss","Side Collision","Other",60500,1,1,0,0.277227722772277
35,"FEMALE","IN","500/1000","Multi-vehicle Collision","Minor Damage","Front Collision","Fire",88220,0,1,0,0.277227722772277
37,"FEMALE","OH","500/1000","Multi-vehicle Collision","Total Loss","Rear Collision","Other",53680,0,1,0,0.277227722772277
45,"MALE","OH","500/1000","Single Vehicle Collision","Minor Damage","Front Collision","Fire",53800,0,1,0,0.284574468085106
29,"FEMALE","OH","100/300","Single Vehicle Collision","Major Damage","Rear Collision","Police",54360,1,1,0,0.284574468085106
35,"FEMALE","IL","500/1000","Single Vehicle Collision","Major Damage","Side Collision","Police",54340,0,1,0,0.284574468085106
34,"FEMALE","OH","500/1000","Multi-vehicle Collision","Major Damage","Side Collision","Ambulance",50800,1,1,0,0.277227722772277
48,"MALE","IL","250/500","Multi-vehicle Collision","Minor Damage","Side Collision","Fire",41520,0,1,0,0.277227722772277
38,"FEMALE","OH","500/1000","Single Vehicle Collision","Total Loss","Side Collision","Police",89650,0,1,0,0.284574468085106
55,"FEMALE","OH","100/300","Multi-vehicle Collision","Total Loss","Rear Collision","Police",39690,0,1,0,0.277227722772277
32,"FEMALE","IL","500/1000","Single Vehicle Collision","Major Damage","Rear Collision","Ambulance",62260,0,1,0,0.284574468085106
38,"FEMALE","IL","250/500","Single Vehicle Collision","Major Damage","Side Collision","Police",51920,1,1,0,0.284574468085106
40,"MALE","IL","250/500","Single Vehicle Collision","Minor Damage","Front Collision","Other",53460,0,1,0,0.284574468085106
43,"FEMALE","OH","100/300","Multi-vehicle Collision","Total Loss","Rear Collision","Fire",57100,0,1,0,0.277227722772277
36,"MALE","IN","250/500","Multi-vehicle Collision","Total Loss","Front Collision","Ambulance",77440,0,1,0,0.277227722772277
40,"MALE","IL","500/1000","Single Vehicle Collision","Minor Damage","Side Collision","Ambulance",68300,0,1,0,0.284574468085106
32,"MALE","IL","100/300","Multi-vehicle Collision","Total Loss","Side Collision","Ambulance",59400,1,1,0,0.277227722772277
31,"FEMALE","IL","100/300","Multi-vehicle Collision","Major Damage","Side Collision","Ambulance",69930,1,1,0,0.277227722772277
27,"FEMALE","IN","100/300","Multi-vehicle Collision","Minor Damage","Front Collision","Police",77700,0,1,0,0.277227722772277
54,"MALE","OH","500/1000","Multi-vehicle Collision","Major Damage","Front Collision","Other",68750,1,1,0,0.277227722772277
20,"FEMALE","IN","500/1000","Single Vehicle Collision","Minor Damage","Side Collision","Other",48360,0,1,1,0.284574468085106
39,"MALE","IL","500/1000","Multi-vehicle Collision","Minor Damage","Front Collision","Other",59400,1,1,0,0.277227722772277
43,"FEMALE","OH","500/1000","Single Vehicle Collision","Minor Damage","Rear Collision","Fire",60210,0,1,0,0.284574468085106
32,"MALE","IL","250/500","Single Vehicle Collision","Minor Damage","Front Collision","Ambulance",43600,0,1,0,0.284574468085106
57,"MALE","IN","100/300","Multi-vehicle Collision","Total Loss","Front Collision","Police",62800,0,1,0,0.277227722772277
48,"MALE","OH","250/500","Single Vehicle Collision","Major Damage","Side Collision","Ambulance",59500,0,1,0,0.284574468085106
37,"FEMALE","OH","250/500","Multi-vehicle Collision","Total Loss","Front Collision","Police",53460,0,1,0,0.277227722772277
33,"FEMALE","IL","100/300","Multi-vehicle Collision","Total Loss","Side Collision","Ambulance",41690,0,1,0,0.277227722772277
46,"FEMALE","OH","100/300","Single Vehicle Collision","Minor Damage","Side Collision","Ambulance",63100,0,1,0,0.284574468085106
60,"MALE","OH","500/1000","Single Vehicle Collision","Total Loss","Front Collision","Ambulance",62880,1,1,0,0.284574468085106
51,"FEMALE","IL","100/300","Multi-vehicle Collision","Major Damage","Side Collision","Fire",75400,1,1,0,0.277227722772277
40,"MALE","OH","250/500","Single Vehicle Collision","Total Loss","Rear Collision","Ambulance",46200,0,1,0,0.284574468085106
47,"MALE","IN","500/1000","Single Vehicle Collision","Major Damage","Rear Collision","Ambulance",58500,0,1,0,0.284574468085106
57,"MALE","OH","500/1000","Multi-vehicle Collision","Major Damage","Rear Collision","Other",66240,0,1,0,0.277227722772277
36,"FEMALE","IN","100/300","Multi-vehicle Collision","Total Loss","Rear Collision","Ambulance",65440,0,1,0,0.277227722772277
43,"MALE","IL","500/1000","Single Vehicle Collision","Minor Damage","Front Collision","Fire",64200,0,1,0,0.284574468085106
25,"FEMALE","IN","100/300","Multi-vehicle Collision","Minor Damage","Rear Collision","Ambulance",32320,0,1,0,0.277227722772277
28,"FEMALE","IL","500/1000","Single Vehicle Collision","Major Damage","Rear Collision","Police",33480,0,1,0,0.284574468085106
29,"MALE","OH","100/300","Multi-vehicle Collision","Minor Damage","Front Collision","Ambulance",57970,0,1,0,0.277227722772277
45,"FEMALE","IL","500/1000","Multi-vehicle Collision","Minor Damage","Front Collision","Fire",69300,0,1,0,0.277227722772277
30,"FEMALE","OH","100/300","Multi-vehicle Collision","Minor Damage","Side Collision","Police",32480,0,1,0,0.277227722772277
38,"MALE","IN","100/300","Single Vehicle Collision","Total Loss","Front Collision","Police",60480,0,1,0,0.284574468085106
43,"MALE","OH","250/500","Multi-vehicle Collision","Total Loss","Rear Collision","Ambulance",42700,1,1,0,0.277227722772277
47,"MALE","IN","250/500","Single Vehicle Collision","Major Damage","Front Collision","Ambulance",40260,1,1,0,0.284574468085106
50,"MALE","OH","500/1000","Single Vehicle Collision","Major Damage","Rear Collision","Fire",50000,0,1,0,0.284574468085106
47,"MALE","IN","250/500","Multi-vehicle Collision","Minor Damage","Side Collision","Ambulance",56160,0,1,0,0.277227722772277
42,"MALE","OH","100/300","Single Vehicle Collision","Major Damage","Side Collision","Police",63030,0,1,0,0.284574468085106
41,"FEMALE","IL","250/500","Single Vehicle Collision","Minor Damage","Front Collision","Police",63470,0,1,0,0.284574468085106
38,"FEMALE","IL","250/500","Single Vehicle Collision","Major Damage","Front Collision","Police",44440,1,1,0,0.284574468085106
36,"MALE","OH","250/500","Multi-vehicle Collision","Minor Damage","Side Collision","Ambulance",77200,0,1,0,0.277227722772277
30,"FEMALE","OH","100/300","Multi-vehicle Collision","Total Loss","Rear Collision","Other",57000,0,1,0,0.277227722772277
36,"MALE","OH","250/500","Single Vehicle Collision","Total Loss","Rear Collision","Police",47300,0,1,0,0.284574468085106
37,"FEMALE","OH","250/500","Single Vehicle Collision","Major Damage","Rear Collision","Other",55110,0,1,0,0.284574468085106
38,"FEMALE","OH","250/500","Multi-vehicle Collision","Total Loss","Front Collision","Police",68760,1,1,0,0.277227722772277
31,"FEMALE","IL","250/500","Multi-vehicle Collision","Major Damage","Front Collision","Other",74400,1,1,0,0.277227722772277
33,"FEMALE","OH","250/500","Multi-vehicle Collision","Major Damage","Rear Collision","Fire",35300,1,1,0,0.277227722772277
41,"MALE","IL","250/500","Multi-vehicle Collision","Total Loss","Rear Collision","Ambulance",60190,1,1,0,0.277227722772277
39,"FEMALE","IL","500/1000","Multi-vehicle Collision","Major Damage","Rear Collision","Fire",41580,1,1,0,0.277227722772277
45,"FEMALE","IN","250/500","Single Vehicle Collision","Minor Damage","Side Collision","Ambulance",58500,1,1,0,0.284574468085106
43,"FEMALE","IN","500/1000","Single Vehicle Collision","Minor Damage","Rear Collision","Fire",79320,0,1,0,0.284574468085106
33,"FEMALE","OH","100/300","Single Vehicle Collision","Minor Damage","Rear Collision","Ambulance",82610,1,1,0,0.284574468085106
41,"FEMALE","OH","100/300","Multi-vehicle Collision","Total Loss","Rear Collision","Ambulance",78600,1,1,0,0.277227722772277
46,"MALE","OH","100/300","Single Vehicle Collision","Minor Damage","Front Collision","Ambulance",51390,1,1,0,0.284574468085106
44,"MALE","IN","500/1000","Single Vehicle Collision","Major Damage","Side Collision","Ambulance",70200,1,1,0,0.284574468085106
62,"FEMALE","OH","250/500","Multi-vehicle Collision","Major Damage","Side Collision","Other",66480,1,1,0,0.277227722772277
23,"MALE","OH","500/1000","Single Vehicle Collision","Major Damage","Rear Collision","Fire",50380,1,1,1,0.284574468085106
61,"FEMALE","IL","500/1000","Single Vehicle Collision","Major Damage","Front Collision","Fire",64350,0,1,0,0.284574468085106
29,"MALE","IN","250/500","Multi-vehicle Collision","Major Damage","Rear Collision","Ambulance",55400,1,1,0,0.277227722772277
28,"MALE","OH","100/300","Single Vehicle Collision","Total Loss","Front Collision","Other",49900,0,1,0,0.284574468085106
28,"MALE","OH","500/1000","Multi-vehicle Collision","Minor Damage","Side Collision","Ambulance",74880,0,1,0,0.277227722772277
58,"MALE","IN","500/1000","Single Vehicle Collision","Total Loss","Front Collision","Ambulance",55800,0,1,0,0.284574468085106
41,"FEMALE","OH","100/300","Single Vehicle Collision","Major Damage","Side Collision","Ambulance",85900,1,1,0,0.284574468085106
43,"MALE","IL","250/500","Multi-vehicle Collision","Total Loss","Side Collision","Fire",36960,0,1,0,0.277227722772277
39,"FEMALE","OH","250/500","Multi-vehicle Collision","Minor Damage","Rear Collision","Police",64400,0,1,0,0.277227722772277
22,"MALE","IN","500/1000","Single Vehicle Collision","Major Damage","Rear Collision","Police",86130,1,1,1,0.284574468085106
32,"FEMALE","IL","250/500","Single Vehicle Collision","Major Damage","Side Collision","Fire",82170,1,1,0,0.284574468085106
41,"FEMALE","IN","100/300","Single Vehicle Collision","Major Damage","Front Collision","Fire",50300,1,1,0,0.284574468085106
31,"FEMALE","IN","250/500","Single Vehicle Collision","Major Damage","Side Collision","Police",44200,0,1,0,0.284574468085106
43,"FEMALE","IN","100/300","Single Vehicle Collision","Major Damage","Side Collision","Ambulance",66660,0,1,0,0.284574468085106
26,"FEMALE","OH","250/500","Single Vehicle Collision","Total Loss","Front Collision","Ambulance",78320,0,1,0,0.284574468085106
43,"MALE","IN","250/500","Single Vehicle Collision","Minor Damage","Side Collision","Fire",50700,0,1,0,0.284574468085106
45,"FEMALE","IL","100/300","Multi-vehicle Collision","Total Loss","Front Collision","Fire",51210,0,1,0,0.277227722772277
48,"MALE","OH","100/300","Multi-vehicle Collision","Total Loss","Rear Collision","Fire",51840,0,1,0,0.277227722772277
33,"FEMALE","IL","500/1000","Multi-vehicle Collision","Total Loss","Front Collision","Ambulance",52800,0,1,0,0.277227722772277
42,"FEMALE","OH","500/1000","Single Vehicle Collision","Minor Damage","Front Collision","Fire",55200,0,1,0,0.284574468085106
51,"FEMALE","IN","250/500","Multi-vehicle Collision","Minor Damage","Rear Collision","Other",67600,0,1,0,0.277227722772277
33,"MALE","OH","250/500","Single Vehicle Collision","Minor Damage","Rear Collision","Other",40800,0,1,0,0.284574468085106
50,"MALE","IN","250/500","Multi-vehicle Collision","Major Damage","Side Collision","Other",84500,1,1,0,0.277227722772277
39,"MALE","IN","500/1000","Multi-vehicle Collision","Major Damage","Front Collision","Other",71610,1,1,0,0.277227722772277
55,"MALE","IN","250/500","Multi-vehicle Collision","Major Damage","Rear Collision","Other",60600,1,1,0,0.277227722772277
41,"MALE","IL","100/300","Multi-vehicle Collision","Major Damage","Rear Collision","Fire",81240,1,1,0,0.277227722772277
39,"FEMALE","OH","250/500","Multi-vehicle Collision","Total Loss","Side Collision","Fire",29300,0,1,0,0.277227722772277
31,"FEMALE","IL","500/1000","Multi-vehicle Collision","Total Loss","Side Collision","Fire",76450,0,1,0,0.277227722772277
44,"FEMALE","IL","100/300","Multi-vehicle Collision","Major Damage","Side Collision","Fire",49400,0,1,0,0.277227722772277
40,"FEMALE","IL","100/300","Single Vehicle Collision","Minor Damage","Side Collision","Fire",63900,0,1,0,0.284574468085106
55,"MALE","IL","250/500","Multi-vehicle Collision","Minor Damage","Rear Collision","Fire",38640,0,1,0,0.277227722772277
58,"MALE","IN","100/300","Multi-vehicle Collision","Total Loss","Rear Collision","Other",41490,0,1,0,0.277227722772277
35,"FEMALE","IN","100/300","Multi-vehicle Collision","Minor Damage","Side Collision","Fire",79090,0,1,0,0.277227722772277
35,"MALE","IL","100/300","Multi-vehicle Collision","Major Damage","Side Collision","Police",87900,0,1,0,0.277227722772277
32,"MALE","IL","500/1000","Single Vehicle Collision","Total Loss","Rear Collision","Ambulance",53400,0,1,0,0.284574468085106
36,"MALE","OH","250/500","Single Vehicle Collision","Total Loss","Rear Collision","Fire",52030,0,1,0,0.284574468085106
60,"MALE","IN","250/500","Single Vehicle Collision","Minor Damage","Front Collision","Ambulance",82060,0,1,0,0.284574468085106
35,"FEMALE","OH","250/500","Single Vehicle Collision","Minor Damage","Front Collision","Ambulance",48360,0,1,0,0.284574468085106
31,"FEMALE","OH","250/500","Multi-vehicle Collision","Minor Damage","Side Collision","Other",52290,0,1,0,0.277227722772277
57,"MALE","IL","100/300","Multi-vehicle Collision","Major Damage","Rear Collision","Police",68200,1,1,0,0.277227722772277
43,"MALE","IL","100/300","Multi-vehicle Collision","Major Damage","Rear Collision","Other",60750,1,1,0,0.277227722772277
30,"FEMALE","IN","500/1000","Multi-vehicle Collision","Major Damage","Front Collision","Fire",65560,1,1,0,0.277227722772277
50,"FEMALE","IN","500/1000","Multi-vehicle Collision","Minor Damage","Rear Collision","Police",70290,0,1,0,0.277227722772277
37,"FEMALE","OH","100/300","Single Vehicle Collision","Total Loss","Rear Collision","Ambulance",45000,0,1,0,0.284574468085106
39,"FEMALE","IL","500/1000","Multi-vehicle Collision","Total Loss","Rear Collision","Fire",61800,0,1,0,0.277227722772277
46,"FEMALE","IL","100/300","Multi-vehicle Collision","Major Damage","Front Collision","Ambulance",64570,0,1,0,0.277227722772277
61,"FEMALE","IL","100/300","Single Vehicle Collision","Minor Damage","Rear Collision","Other",70500,0,1,0,0.284574468085106
37,"MALE","IL","100/300","Multi-vehicle Collision","Total Loss","Side Collision","Police",57900,0,1,0,0.277227722772277
46,"FEMALE","IL","250/500","Multi-vehicle Collision","Minor Damage","Front Collision","Fire",57860,0,1,0,0.277227722772277
39,"MALE","IN","100/300","Single Vehicle Collision","Minor Damage","Side Collision","Fire",37800,0,1,0,0.284574468085106
37,"FEMALE","OH","500/1000","Single Vehicle Collision","Total Loss","Front Collision","Ambulance",63300,0,1,0,0.284574468085106
33,"FEMALE","IN","250/500","Multi-vehicle Collision","Total Loss","Rear Collision","Ambulance",44200,0,1,0,0.277227722772277
28,"MALE","IL","250/500","Multi-vehicle Collision","Minor Damage","Side Collision","Police",31680,0,1,0,0.277227722772277
61,"FEMALE","IN","100/300","Single Vehicle Collision","Minor Damage","Front Collision","Fire",56340,0,1,0,0.284574468085106
40,"FEMALE","IN","100/300","Multi-vehicle Collision","Total Loss","Rear Collision","Police",69740,0,1,0,0.277227722772277
38,"MALE","IL","100/300","Multi-vehicle Collision","Total Loss","Front Collision","Police",60480,0,1,0,0.277227722772277
61,"FEMALE","IN","500/1000","Multi-vehicle Collision","Minor Damage","Rear Collision","Police",80880,0,1,0,0.277227722772277
61,"FEMALE","IN","250/500","Single Vehicle Collision","Total Loss","Front Collision","Fire",49390,0,1,0,0.284574468085106
29,"FEMALE","IN","100/300","Single Vehicle Collision","Minor Damage","Front Collision","Ambulance",69360,0,1,0,0.284574468085106
48,"FEMALE","IL","500/1000","Multi-vehicle Collision","Total Loss","Front Collision","Police",35860,1,1,0,0.277227722772277
40,"MALE","IN","100/300","Multi-vehicle Collision","Major Damage","Front Collision","Ambulance",50050,1,1,0,0.277227722772277
27,"MALE","IL","500/1000","Multi-vehicle Collision","Minor Damage","Rear Collision","Fire",59070,0,1,0,0.277227722772277
30,"MALE","IN","500/1000","Multi-vehicle Collision","Minor Damage","Front Collision","Fire",28440,0,1,0,0.277227722772277
34,"FEMALE","IL","250/500","Single Vehicle Collision","Major Damage","Front Collision","Fire",45540,1,1,0,0.284574468085106
34,"FEMALE","IN","100/300","Single Vehicle Collision","Minor Damage","Rear Collision","Fire",38700,0,1,0,0.284574468085106
32,"FEMALE","IL","500/1000","Single Vehicle Collision","Total Loss","Rear Collision","Other",57240,1,1,0,0.284574468085106
39,"MALE","OH","100/300","Multi-vehicle Collision","Total Loss","Rear Collision","Police",46200,0,1,0,0.277227722772277
32,"FEMALE","IN","100/300","Single Vehicle Collision","Total Loss","Side Collision","Ambulance",57700,0,1,0,0.284574468085106
48,"MALE","IL","250/500","Multi-vehicle Collision","Minor Damage","Front Collision","Fire",56160,0,1,0,0.277227722772277
47,"MALE","IN","250/500","Multi-vehicle Collision","Total Loss","Side Collision","Fire",44400,0,1,0,0.277227722772277
33,"FEMALE","OH","250/500","Single Vehicle Collision","Minor Damage","Side Collision","Fire",30700,0,1,0,0.284574468085106
24,"FEMALE","OH","250/500","Single Vehicle Collision","Major Damage","Side Collision","Fire",56600,0,1,1,0.284574468085106
30,"MALE","IL","250/500","Single Vehicle Collision","Minor Damage","Rear Collision","Police",34800,0,1,0,0.284574468085106
36,"FEMALE","IN","250/500","Multi-vehicle Collision","Minor Damage","Rear Collision","Other",79500,0,1,0,0.277227722772277
34,"FEMALE","IN","250/500","Single Vehicle Collision","Total Loss","Front Collision","Police",56000,0,1,0,0.284574468085106
29,"FEMALE","IN","250/500","Single Vehicle Collision","Minor Damage","Rear Collision","Ambulance",73260,1,1,0,0.284574468085106
42,"MALE","IN","500/1000","Single Vehicle Collision","Minor Damage","Rear Collision","Ambulance",48000,0,1,0,0.284574468085106
37,"MALE","IN","250/500","Single Vehicle Collision","Major Damage","Side Collision","Fire",52200,0,1,0,0.284574468085106
38,"FEMALE","IN","250/500","Multi-vehicle Collision","Minor Damage","Rear Collision","Ambulance",73800,0,1,0,0.277227722772277
34,"FEMALE","IL","250/500","Single Vehicle Collision","Total Loss","Side Collision","Fire",78200,0,1,0,0.284574468085106
33,"MALE","IN","250/500","Single Vehicle Collision","Major Damage","Rear Collision","Ambulance",55200,1,1,0,0.284574468085106
43,"FEMALE","IL","500/1000","Multi-vehicle Collision","Total Loss","Side Collision","Other",57060,0,1,0,0.277227722772277
56,"FEMALE","IN","250/500","Single Vehicle Collision","Minor Damage","Front Collision","Ambulance",53100,1,1,0,0.284574468085106
25,"FEMALE","IL","500/1000","Multi-vehicle Collision","Total Loss","Front Collision","Ambulance",72900,0,1,0,0.277227722772277
38,"FEMALE","IN","250/500","Single Vehicle Collision","Total Loss","Rear Collision","Police",70700,0,1,0,0.284574468085106
30,"FEMALE","IL","100/300","Multi-vehicle Collision","Minor Damage","Side Collision","Other",60170,0,1,0,0.277227722772277
42,"MALE","IN","100/300","Single Vehicle Collision","Major Damage","Rear Collision","Other",74800,1,1,0,0.284574468085106
47,"MALE","IN","250/500","Single Vehicle Collision","Minor Damage","Side Collision","Other",61490,0,1,0,0.284574468085106
34,"FEMALE","IN","500/1000","Multi-vehicle Collision","Minor Damage","Side Collision","Fire",45100,0,1,0,0.277227722772277
53,"MALE","OH","250/500","Single Vehicle Collision","Minor Damage","Front Collision","Police",66660,0,1,0,0.284574468085106
41,"FEMALE","OH","500/1000","Single Vehicle Collision","Major Damage","Front Collision","Police",76400,1,1,0,0.284574468085106
37,"FEMALE","IN","250/500","Single Vehicle Collision","Total Loss","Rear Collision","Ambulance",58300,0,1,0,0.284574468085106
49,"FEMALE","IL","100/300","Single Vehicle Collision","Total Loss","Front Collision","Police",57310,0,1,0,0.284574468085106
32,"FEMALE","OH","500/1000","Single Vehicle Collision","Minor Damage","Front Collision","Fire",53100,0,1,0,0.284574468085106
24,"FEMALE","OH","250/500","Multi-vehicle Collision","Total Loss","Side Collision","Ambulance",74700,0,1,1,0.277227722772277
28,"FEMALE","OH","250/500","Multi-vehicle Collision","Major Damage","Rear Collision","Fire",60500,0,1,0,0.277227722772277
26,"MALE","OH","250/500","Multi-vehicle Collision","Total Loss","Side Collision","Other",84920,1,1,0,0.277227722772277
36,"FEMALE","IL","500/1000","Single Vehicle Collision","Total Loss","Side Collision","Police",61050,0,1,0,0.284574468085106
26,"MALE","IL","250/500","Multi-vehicle Collision","Major Damage","Rear Collision","Police",69080,1,1,0,0.277227722772277
28,"FEMALE","IN","250/500","Multi-vehicle Collision","Total Loss","Rear Collision","Police",67800,0,1,0,0.277227722772277
43,"FEMALE","IN","100/300","Single Vehicle Collision","Total Loss","Rear Collision","Police",85320,0,1,0,0.284574468085106
34,"FEMALE","OH","250/500","Multi-vehicle Collision","Major Damage","Side Collision","Fire",51370,1,1,0,0.277227722772277
43,"MALE","OH","250/500","Single Vehicle Collision","Major Damage","Rear Collision","Police",51600,0,1,0,0.284574468085106
39,"MALE","OH","500/1000","Multi-vehicle Collision","Minor Damage","Rear Collision","Fire",48870,0,1,0,0.277227722772277
48,"MALE","IL","500/1000","Multi-vehicle Collision","Major Damage","Front Collision","Other",54960,1,1,0,0.277227722772277
47,"FEMALE","OH","500/1000","Multi-vehicle Collision","Minor Damage","Side Collision","Police",39800,0,1,0,0.277227722772277
37,"FEMALE","IN","500/1000","Multi-vehicle Collision","Major Damage","Side Collision","Ambulance",56160,1,1,0,0.277227722772277
42,"MALE","IN","100/300","Single Vehicle Collision","Total Loss","Side Collision","Fire",52700,0,1,0,0.284574468085106
43,"FEMALE","OH","500/1000","Multi-vehicle Collision","Minor Damage","Side Collision","Fire",68580,0,1,0,0.277227722772277
43,"MALE","OH","250/500","Single Vehicle Collision","Major Damage","Side Collision","Ambulance",46800,1,1,0,0.284574468085106
47,"FEMALE","OH","500/1000","Multi-vehicle Collision","Total Loss","Side Collision","Fire",56320,0,1,0,0.277227722772277
46,"MALE","OH","100/300","Single Vehicle Collision","Minor Damage","Front Collision","Fire",83490,0,1,0,0.284574468085106
36,"FEMALE","IN","500/1000","Multi-vehicle Collision","Total Loss","Side Collision","Police",57900,0,1,0,0.277227722772277
36,"MALE","IN","250/500","Multi-vehicle Collision","Total Loss","Rear Collision","Fire",49410,0,1,0,0.277227722772277
45,"MALE","OH","500/1000","Multi-vehicle Collision","Minor Damage","Side Collision","Fire",66200,0,1,0,0.277227722772277
46,"MALE","OH","100/300","Single Vehicle Collision","Minor Damage","Front Collision","Fire",64080,0,1,0,0.284574468085106
43,"FEMALE","OH","250/500","Multi-vehicle Collision","Minor Damage","Side Collision","Other",42500,0,1,0,0.277227722772277
30,"MALE","IL","500/1000","Multi-vehicle Collision","Total Loss","Side Collision","Other",48950,0,1,0,0.277227722772277
42,"FEMALE","IN","100/300","Multi-vehicle Collision","Minor Damage","Rear Collision","Other",58850,0,1,0,0.277227722772277
40,"FEMALE","IL","500/1000","Multi-vehicle Collision","Minor Damage","Side Collision","Other",82400,0,1,0,0.277227722772277
44,"FEMALE","OH","500/1000","Single Vehicle Collision","Minor Damage","Rear Collision","Ambulance",54240,0,1,0,0.284574468085106
26,"FEMALE","IL","250/500","Multi-vehicle Collision","Minor Damage","Front Collision","Other",74200,0,1,0,0.277227722772277
53,"FEMALE","IL","100/300","Single Vehicle Collision","Total Loss","Front Collision","Fire",47430,0,1,0,0.284574468085106
43,"FEMALE","IL","250/500","Single Vehicle Collision","Major Damage","Rear Collision","Fire",68200,1,1,0,0.284574468085106
33,"FEMALE","IN","100/300","Single Vehicle Collision","Minor Damage","Front Collision","Fire",63900,0,1,0,0.284574468085106
39,"FEMALE","OH","100/300","Multi-vehicle Collision","Total Loss","Rear Collision","Ambulance",59300,0,1,0,0.277227722772277
44,"FEMALE","IL","500/1000","Multi-vehicle Collision","Minor Damage","Front Collision","Other",66900,1,1,0,0.277227722772277
27,"MALE","OH","500/1000","Multi-vehicle Collision","Major Damage","Rear Collision","Police",40810,1,1,0,0.277227722772277
43,"FEMALE","IN","100/300","Single Vehicle Collision","Total Loss","Front Collision","Fire",75400,0,1,0,0.284574468085106
45,"FEMALE","OH","100/300","Multi-vehicle Collision","Major Damage","Side Collision","Ambulance",52650,1,1,0,0.277227722772277
49,"FEMALE","IL","250/500","Single Vehicle Collision","Major Damage","Rear Collision","Ambulance",42240,0,1,0,0.284574468085106
39,"FEMALE","IN","500/1000","Single Vehicle Collision","Minor Damage","Side Collision","Other",59490,0,1,0,0.284574468085106
37,"MALE","IL","100/300","Single Vehicle Collision","Major Damage","Side Collision","Ambulance",44200,1,1,0,0.284574468085106
57,"MALE","IN","500/1000","Multi-vehicle Collision","Total Loss","Front Collision","Other",61440,0,1,0,0.277227722772277
37,"FEMALE","OH","250/500","Multi-vehicle Collision","Major Damage","Rear Collision","Fire",54400,1,1,0,0.277227722772277
47,"MALE","IL","500/1000","Single Vehicle Collision","Total Loss","Front Collision","Other",58560,0,1,0,0.284574468085106
34,"MALE","IN","500/1000","Single Vehicle Collision","Major Damage","Front Collision","Fire",67300,1,1,0,0.284574468085106
55,"MALE","OH","250/500","Single Vehicle Collision","Major Damage","Rear Collision","Fire",36740,1,1,0,0.284574468085106
30,"FEMALE","IL","100/300","Single Vehicle Collision","Total Loss","Rear Collision","Police",85690,0,1,0,0.284574468085106
31,"FEMALE","OH","500/1000","Multi-vehicle Collision","Major Damage","Side Collision","Ambulance",34160,1,1,0,0.277227722772277
48,"MALE","IL","250/500","Single Vehicle Collision","Minor Damage","Front Collision","Fire",61320,0,1,0,0.284574468085106
45,"MALE","IL","250/500","Multi-vehicle Collision","Total Loss","Rear Collision","Police",79680,0,1,0,0.277227722772277
30,"FEMALE","IL","250/500","Single Vehicle Collision","Total Loss","Front Collision","Fire",61740,0,1,0,0.284574468085106
55,"FEMALE","OH","500/1000","Single Vehicle Collision","Major Damage","Rear Collision","Fire",60600,0,1,0,0.284574468085106
38,"FEMALE","IL","100/300","Multi-vehicle Collision","Major Damage","Side Collision","Ambulance",56320,0,1,0,0.277227722772277
34,"FEMALE","IN","100/300","Single Vehicle Collision","Total Loss","Side Collision","Ambulance",52250,0,1,0,0.284574468085106
60,"FEMALE","IL","500/1000","Multi-vehicle Collision","Total Loss","Rear Collision","Other",53900,0,1,0,0.277227722772277
38,"MALE","IL","100/300","Multi-vehicle Collision","Major Damage","Front Collision","Fire",55200,1,1,0,0.277227722772277
39,"FEMALE","IL","100/300","Multi-vehicle Collision","Minor Damage","Front Collision","Police",64680,0,1,0,0.277227722772277
43,"FEMALE","OH","250/500","Single Vehicle Collision","Major Damage","Rear Collision","Police",59200,0,1,0,0.284574468085106
33,"MALE","OH","250/500","Single Vehicle Collision","Total Loss","Side Collision","Other",69400,0,1,0,0.284574468085106
21,"FEMALE","IN","250/500","Single Vehicle Collision","Total Loss","Side Collision","Police",40500,0,1,1,0.284574468085106
28,"MALE","IL","500/1000","Multi-vehicle Collision","Minor Damage","Side Collision","Fire",60000,0,1,0,0.277227722772277
30,"MALE","IN","500/1000","Single Vehicle Collision","Minor Damage","Side Collision","Other",67320,0,1,0,0.284574468085106
27,"FEMALE","OH","500/1000","Multi-vehicle Collision","Total Loss","Side Collision","Other",75690,0,1,0,0.277227722772277
31,"MALE","IN","100/300","Multi-vehicle Collision","Major Damage","Side Collision","Fire",64300,1,1,0,0.277227722772277
43,"MALE","OH","100/300","Multi-vehicle Collision","Major Damage","Rear Collision","Police",64400,0,1,0,0.277227722772277
38,"FEMALE","IN","500/1000","Multi-vehicle Collision","Total Loss","Rear Collision","Other",30700,0,1,0,0.277227722772277
48,"FEMALE","IL","100/300","Single Vehicle Collision","Minor Damage","Side Collision","Police",33480,0,1,0,0.284574468085106
26,"MALE","IN","500/1000","Multi-vehicle Collision","Total Loss","Front Collision","Police",65430,0,1,0,0.277227722772277
36,"MALE","OH","500/1000","Multi-vehicle Collision","Major Damage","Rear Collision","Police",42680,1,1,0,0.277227722772277
45,"MALE","IL","500/1000","Single Vehicle Collision","Minor Damage","Side Collision","Fire",87780,0,1,0,0.284574468085106
36,"FEMALE","OH","500/1000","Multi-vehicle Collision","Major Damage","Front Collision","Fire",72800,0,1,0,0.277227722772277
37,"FEMALE","OH","250/500","Single Vehicle Collision","Major Damage","Rear Collision","Fire",71190,1,1,0,0.284574468085106
41,"MALE","OH","250/500","Single Vehicle Collision","Major Damage","Side Collision","Other",62640,0,1,0,0.284574468085106
36,"MALE","IL","100/300","Multi-vehicle Collision","Minor Damage","Front Collision","Ambulance",69630,0,1,0,0.277227722772277
33,"MALE","IL","250/500","Multi-vehicle Collision","Minor Damage","Rear Collision","Police",76010,1,1,0,0.277227722772277
40,"MALE","OH","100/300","Single Vehicle Collision","Total Loss","Rear Collision","Other",44220,0,1,0,0.284574468085106
38,"FEMALE","IL","250/500","Multi-vehicle Collision","Minor Damage","Rear Collision","Other",57200,0,1,0,0.277227722772277
31,"FEMALE","OH","250/500","Single Vehicle Collision","Total Loss","Rear Collision","Other",75790,0,1,0,0.284574468085106
30,"FEMALE","IN","500/1000","Multi-vehicle Collision","Minor Damage","Rear Collision","Ambulance",32670,0,1,0,0.277227722772277
32,"MALE","IL","250/500","Single Vehicle Collision","Major Damage","Front Collision","Other",74690,1,1,0,0.284574468085106
32,"FEMALE","IN","100/300","Single Vehicle Collision","Major Damage","Side Collision","Police",55000,1,1,0,0.284574468085106
48,"FEMALE","IN","100/300","Multi-vehicle Collision","Major Damage","Rear Collision","Police",59400,1,1,0,0.277227722772277
34,"FEMALE","OH","500/1000","Multi-vehicle Collision","Total Loss","Side Collision","Fire",55260,0,1,0,0.277227722772277
44,"MALE","IL","250/500","Multi-vehicle Collision","Minor Damage","Side Collision","Other",51400,0,1,0,0.277227722772277
37,"FEMALE","IL","500/1000","Multi-vehicle Collision","Minor Damage","Side Collision","Ambulance",48780,0,1,0,0.277227722772277
31,"FEMALE","OH","100/300","Multi-vehicle Collision","Major Damage","Rear Collision","Ambulance",52380,0,1,0,0.277227722772277
34,"FEMALE","OH","100/300","Multi-vehicle Collision","Total Loss","Side Collision","Other",74360,1,1,0,0.277227722772277
40,"MALE","OH","250/500","Single Vehicle Collision","Minor Damage","Front Collision","Police",53400,0,1,0,0.284574468085106
59,"FEMALE","IN","100/300","Single Vehicle Collision","Total Loss","Front Collision","Police",71800,0,1,0,0.284574468085106
31,"FEMALE","IN","250/500","Single Vehicle Collision","Major Damage","Front Collision","Other",68240,1,1,0,0.284574468085106
45,"FEMALE","IN","250/500","Multi-vehicle Collision","Major Damage","Rear Collision","Other",61050,1,1,0,0.277227722772277
48,"FEMALE","IL","500/1000","Multi-vehicle Collision","Major Damage","Side Collision","Fire",46860,0,1,0,0.277227722772277
57,"FEMALE","IN","250/500","Multi-vehicle Collision","Minor Damage","Front Collision","Police",78500,0,1,0,0.277227722772277
42,"MALE","IL","500/1000","Single Vehicle Collision","Total Loss","Side Collision","Police",70830,0,1,0,0.284574468085106
56,"MALE","IL","250/500","Multi-vehicle Collision","Total Loss","Front Collision","Police",68040,0,1,0,0.277227722772277
32,"FEMALE","IL","100/300","Single Vehicle Collision","Major Damage","Side Collision","Fire",63600,1,1,0,0.284574468085106
63,"FEMALE","IL","250/500","Single Vehicle Collision","Minor Damage","Side Collision","Other",43560,0,1,0,0.284574468085106
31,"MALE","OH","250/500","Single Vehicle Collision","Total Loss","Front Collision","Police",60840,0,1,0,0.284574468085106
55,"FEMALE","OH","100/300","Multi-vehicle Collision","Total Loss","Side Collision","Police",68160,0,1,0,0.277227722772277
37,"FEMALE","IN","500/1000","Single Vehicle Collision","Total Loss","Side Collision","Ambulance",57700,0,1,0,0.284574468085106
46,"FEMALE","IN","500/1000","Multi-vehicle Collision","Total Loss","Front Collision","Other",89520,0,1,0,0.277227722772277
39,"FEMALE","IN","250/500","Single Vehicle Collision","Minor Damage","Rear Collision","Ambulance",45180,0,1,0,0.284574468085106
38,"MALE","OH","250/500","Single Vehicle Collision","Total Loss","Side Collision","Other",45100,0,1,0,0.284574468085106
32,"MALE","IN","500/1000","Multi-vehicle Collision","Total Loss","Side Collision","Police",83160,0,1,0,0.277227722772277
42,"FEMALE","IL","100/300","Single Vehicle Collision","Minor Damage","Rear Collision","Police",86130,0,1,0,0.284574468085106
25,"MALE","OH","100/300","Multi-vehicle Collision","Major Damage","Front Collision","Fire",48000,0,1,0,0.277227722772277
34,"FEMALE","IL","100/300","Multi-vehicle Collision","Minor Damage","Rear Collision","Ambulance",57200,0,1,0,0.277227722772277
37,"FEMALE","OH","500/1000","Single Vehicle Collision","Total Loss","Rear Collision","Police",80080,0,1,0,0.284574468085106
29,"FEMALE","OH","250/500","Multi-vehicle Collision","Minor Damage","Rear Collision","Other",62900,0,1,0,0.277227722772277
32,"FEMALE","OH","100/300","Single Vehicle Collision","Major Damage","Rear Collision","Police",54200,1,1,0,0.284574468085106
50,"FEMALE","OH","500/1000","Multi-vehicle Collision","Major Damage","Side Collision","Police",51800,0,1,0,0.277227722772277
35,"MALE","OH","250/500","Single Vehicle Collision","Total Loss","Side Collision","Fire",74140,0,1,0,0.284574468085106
25,"FEMALE","OH","500/1000","Single Vehicle Collision","Total Loss","Front Collision","Fire",67800,0,1,0,0.284574468085106
44,"MALE","OH","250/500","Single Vehicle Collision","Major Damage","Rear Collision","Fire",55400,1,1,0,0.284574468085106
37,"MALE","IL","500/1000","Single Vehicle Collision","Major Damage","Rear Collision","Ambulance",49100,1,1,0,0.284574468085106
40,"FEMALE","IN","100/300","Multi-vehicle Collision","Total Loss","Rear Collision","Fire",66550,0,1,0,0.277227722772277
33,"FEMALE","OH","500/1000","Multi-vehicle Collision","Major Damage","Side Collision","Fire",70400,0,1,0,0.277227722772277
42,"MALE","IN","100/300","Multi-vehicle Collision","Major Damage","Side Collision","Ambulance",53280,1,1,0,0.277227722772277
32,"FEMALE","IN","250/500","Single Vehicle Collision","Total Loss","Front Collision","Other",84590,0,1,0,0.284574468085106
37,"FEMALE","IN","500/1000","Single Vehicle Collision","Total Loss","Rear Collision","Other",54560,0,1,0,0.284574468085106
40,"MALE","IL","500/1000","Single Vehicle Collision","Minor Damage","Rear Collision","Ambulance",82170,0,1,0,0.284574468085106
44,"MALE","OH","250/500","Multi-vehicle Collision","Total Loss","Front Collision","Police",61100,0,1,0,0.277227722772277
43,"MALE","IN","500/1000","Multi-vehicle Collision","Minor Damage","Front Collision","Police",51900,1,1,0,0.277227722772277
36,"MALE","IN","250/500","Single Vehicle Collision","Total Loss","Side Collision","Ambulance",51390,0,1,0,0.284574468085106
32,"MALE","OH","100/300","Single Vehicle Collision","Major Damage","Side Collision","Other",76900,0,1,0,0.284574468085106
42,"MALE","IN","100/300","Single Vehicle Collision","Minor Damage","Rear Collision","Other",77000,1,1,0,0.284574468085106
39,"MALE","IL","500/1000","Single Vehicle Collision","Major Damage","Side Collision","Other",60320,1,1,0,0.284574468085106
46,"FEMALE","IN","100/300","Single Vehicle Collision","Minor Damage","Rear Collision","Fire",60700,0,1,0,0.284574468085106
21,"FEMALE","IN","250/500","Multi-vehicle Collision","Total Loss","Rear Collision","Police",53280,0,1,1,0.277227722772277
43,"FEMALE","IL","100/300","Single Vehicle Collision","Minor Damage","Rear Collision","Fire",34290,0,1,0,0.284574468085106
44,"MALE","OH","100/300","Single Vehicle Collision","Total Loss","Rear Collision","Other",46980,0,1,0,0.284574468085106
26,"MALE","IN","100/300","Multi-vehicle Collision","Major Damage","Front Collision","Fire",36700,0,1,0,0.277227722772277
28,"MALE","OH","250/500","Multi-vehicle Collision","Total Loss","Side Collision","Other",60200,0,1,0,0.277227722772277
38,"FEMALE","OH","500/1000","Single Vehicle Collision","Minor Damage","Front Collision","Fire",87200,0,1,0,0.284574468085106
34,"FEMALE","OH","250/500","Multi-vehicle Collision","Minor Damage","Side Collision","Police",67500,0,1,0,0.277227722772277
62,"MALE","IL","500/1000","Single Vehicle Collision","Major Damage","Rear Collision","Other",46980,0,1,0,0.284574468085106
